"../../../Engine/Content/MobileResources/HUD/VirtualJoystick_Thumb.uasset" 0
"../../../Engine/Content/MobileResources/HUD/VirtualJoystick_Thumb.uexp" 1
"../../../Engine/Content/MobileResources/HUD/VirtualJoystick_Background.uasset" 2
"../../../Engine/Content/MobileResources/HUD/VirtualJoystick_Background.uexp" 3
"../../../Engine/Content/MobileResources/HUD/MobileHUDButtonFire.uasset" 4
"../../../Engine/Content/MobileResources/HUD/MobileHUDButtonFire.uexp" 5
"D:/UEProjects/MyWorld/Content/DefaultVirtualJoysticks1.uasset" 6
"D:/UEProjects/MyWorld/Content/DefaultVirtualJoysticks1.uexp" 7
"../../../Engine/Plugins/Animation/ACLPlugin/Content/ACLAnimBoneCompressionSettings.uasset" 8
"../../../Engine/Plugins/Animation/ACLPlugin/Content/ACLAnimBoneCompressionSettings.uexp" 9
"../../../Engine/Plugins/2D/Paper2D/Content/PlaceholderTextures/DummySpriteTexture.ubulk" 10
"../../../Engine/Plugins/2D/Paper2D/Content/PlaceholderTextures/DummySpriteTexture.uasset" 11
"../../../Engine/Plugins/2D/Paper2D/Content/PlaceholderTextures/DummySpriteTexture.uexp" 12
"../../../Engine/Plugins/2D/Paper2D/Content/DummySprite.uasset" 13
"../../../Engine/Plugins/2D/Paper2D/Content/DummySprite.uexp" 14
"../../../Engine/Plugins/2D/Paper2D/Content/DefaultPaperTerrainMaterial.uasset" 15
"../../../Engine/Plugins/2D/Paper2D/Content/DefaultPaperTerrainMaterial.uexp" 16
"../../../Engine/Plugins/Animation/ControlRig/Content/Controls/DefaultGizmoLibraryNormalized.uasset" 17
"../../../Engine/Plugins/Animation/ControlRig/Content/Controls/DefaultGizmoLibraryNormalized.uexp" 18
"../../../Engine/Content/EngineSounds/Master.uasset" 19
"../../../Engine/Content/EngineSounds/Master.uexp" 20
"../../../Engine/Content/EngineMaterials/DefaultPhysicalMaterial.uasset" 21
"../../../Engine/Content/EngineMaterials/DefaultPhysicalMaterial.uexp" 22
"../../../Engine/Content/EngineMaterials/DefaultDestructiblePhysicalMaterial.uasset" 23
"../../../Engine/Content/EngineMaterials/DefaultDestructiblePhysicalMaterial.uexp" 24
"../../../Engine/Content/EngineFonts/Faces/DroidSansFallback.uexp" 25
"../../../Engine/Content/EngineFonts/Faces/DroidSansFallback.uasset" 26
"../../../Engine/Content/EngineFonts/Faces/DroidSansFallback.ufont" 27
"../../../Engine/Content/EngineFonts/Faces/RobotoRegular.uexp" 28
"../../../Engine/Content/EngineFonts/Faces/RobotoRegular.uasset" 29
"../../../Engine/Content/EngineFonts/Faces/RobotoRegular.ufont" 30
"../../../Engine/Content/EngineFonts/Faces/RobotoLight.uexp" 31
"../../../Engine/Content/EngineFonts/Faces/RobotoLight.uasset" 32
"../../../Engine/Content/EngineFonts/Faces/RobotoLight.ufont" 33
"../../../Engine/Content/EngineFonts/Faces/RobotoItalic.uexp" 34
"../../../Engine/Content/EngineFonts/Faces/RobotoItalic.uasset" 35
"../../../Engine/Content/EngineFonts/Faces/RobotoItalic.ufont" 36
"../../../Engine/Content/EngineFonts/Faces/RobotoBoldItalic.uexp" 37
"../../../Engine/Content/EngineFonts/Faces/RobotoBoldItalic.uasset" 38
"../../../Engine/Content/EngineFonts/Faces/RobotoBoldItalic.ufont" 39
"../../../Engine/Content/EngineFonts/Faces/RobotoBold.uexp" 40
"../../../Engine/Content/EngineFonts/Faces/RobotoBold.uasset" 41
"../../../Engine/Content/EngineFonts/Faces/RobotoBold.ufont" 42
"../../../Engine/Content/EngineFonts/Roboto.uasset" 43
"../../../Engine/Content/EngineFonts/Roboto.uexp" 44
"../../../Engine/Content/EngineFonts/Faces/DroidSansMono.uexp" 45
"../../../Engine/Content/EngineFonts/Faces/DroidSansMono.uasset" 46
"../../../Engine/Content/EngineFonts/Faces/DroidSansMono.ufont" 47
"../../../Engine/Content/EngineFonts/DroidSansMono.uasset" 48
"../../../Engine/Content/EngineFonts/DroidSansMono.uexp" 49
"../../../Engine/Plugins/Interchange/Runtime/Content/Pipelines/DefaultTexturePipeline.uasset" 50
"../../../Engine/Plugins/Interchange/Runtime/Content/Pipelines/DefaultTexturePipeline.uexp" 51
"../../../Engine/Plugins/Interchange/Runtime/Content/Pipelines/DefaultSceneLevelPipeline.uasset" 52
"../../../Engine/Plugins/Interchange/Runtime/Content/Pipelines/DefaultSceneLevelPipeline.uexp" 53
"../../../Engine/Plugins/Interchange/Runtime/Content/Pipelines/DefaultSceneAssetsPipeline.uasset" 54
"../../../Engine/Plugins/Interchange/Runtime/Content/Pipelines/DefaultSceneAssetsPipeline.uexp" 55
"../../../Engine/Plugins/Interchange/Runtime/Content/Pipelines/DefaultMaterialXPipeline.uasset" 56
"../../../Engine/Plugins/Interchange/Runtime/Content/Pipelines/DefaultMaterialXPipeline.uexp" 57
"../../../Engine/Plugins/Interchange/Runtime/Content/Pipelines/DefaultMaterialPipeline.uasset" 58
"../../../Engine/Plugins/Interchange/Runtime/Content/Pipelines/DefaultMaterialPipeline.uexp" 59
"../../../Engine/Plugins/Interchange/Runtime/Content/Pipelines/DefaultGLTFSceneAssetsPipeline.uasset" 60
"../../../Engine/Plugins/Interchange/Runtime/Content/Pipelines/DefaultGLTFSceneAssetsPipeline.uexp" 61
"../../../Engine/Plugins/Interchange/Runtime/Content/Pipelines/DefaultGLTFPipeline.uasset" 62
"../../../Engine/Plugins/Interchange/Runtime/Content/Pipelines/DefaultGLTFPipeline.uexp" 63
"../../../Engine/Plugins/Interchange/Runtime/Content/Pipelines/DefaultGLTFAssetsPipeline.uasset" 64
"../../../Engine/Plugins/Interchange/Runtime/Content/Pipelines/DefaultGLTFAssetsPipeline.uexp" 65
"../../../Engine/Plugins/Interchange/Runtime/Content/Pipelines/DefaultAssetsPipeline.uasset" 66
"../../../Engine/Plugins/Interchange/Runtime/Content/Pipelines/DefaultAssetsPipeline.uexp" 67
"../../../Engine/Content/EngineResources/GradientTexture0.uasset" 68
"../../../Engine/Content/EngineResources/GradientTexture0.uexp" 69
"../../../Engine/Content/EngineResources/Black.uasset" 70
"../../../Engine/Content/EngineResources/Black.uexp" 71
"../../../Engine/Content/EditorResources/S_Actor.ubulk" 72
"../../../Engine/Content/EditorResources/S_Actor.uasset" 73
"../../../Engine/Content/EditorResources/S_Actor.uexp" 74
"../../../Engine/Content/EditorResources/S_Trigger.ubulk" 75
"../../../Engine/Content/EditorResources/S_Trigger.uasset" 76
"../../../Engine/Content/EditorResources/S_Trigger.uexp" 77
"../../../Engine/Content/EditorResources/S_BoxReflectionCapture.uasset" 78
"../../../Engine/Content/EditorResources/S_BoxReflectionCapture.uexp" 79
"../../../Engine/Content/EngineResources/DefaultTexture.ubulk" 80
"../../../Engine/Content/EngineResources/DefaultTexture.uasset" 81
"../../../Engine/Content/EngineResources/DefaultTexture.uexp" 82
"../../../Engine/Content/EditorResources/S_TriggerBox.uasset" 83
"../../../Engine/Content/EditorResources/S_TriggerBox.uexp" 84
"../../../Engine/Content/EditorResources/S_TriggerCapsule.uasset" 85
"../../../Engine/Content/EditorResources/S_TriggerCapsule.uexp" 86
"../../../Engine/Content/EditorResources/S_TriggerSphere.uasset" 87
"../../../Engine/Content/EditorResources/S_TriggerSphere.uexp" 88
"../../../Engine/Content/EngineMeshes/Sphere.ubulk" 89
"../../../Engine/Content/EngineMeshes/Sphere.uasset" 90
"../../../Engine/Content/EngineMeshes/Sphere.uexp" 91
"../../../Engine/Plugins/NNE/NNEDenoiser/Content/NNEDTOM_Output_Default.uasset" 92
"../../../Engine/Plugins/NNE/NNEDenoiser/Content/NNEDTOM_Output_Default.uexp" 93
"../../../Engine/Plugins/NNE/NNEDenoiser/Content/NNEDTOM_Output_Alpha.uasset" 94
"../../../Engine/Plugins/NNE/NNEDenoiser/Content/NNEDTOM_Output_Alpha.uexp" 95
"../../../Engine/Plugins/NNE/NNEDenoiser/Content/NNEDTIM_ColorAlbedoNormal_Default.uasset" 96
"../../../Engine/Plugins/NNE/NNEDenoiser/Content/NNEDTIM_ColorAlbedoNormal_Default.uexp" 97
"../../../Engine/Plugins/NNE/NNEDenoiser/Content/NNEDTIM_ColorAlbedoNormal_Alpha.uasset" 98
"../../../Engine/Plugins/NNE/NNEDenoiser/Content/NNEDTIM_ColorAlbedoNormal_Alpha.uexp" 99
"../../../Engine/Plugins/NNE/NNEDenoiser/Content/NNEDOM_Output_Default.uasset" 100
"../../../Engine/Plugins/NNE/NNEDenoiser/Content/NNEDOM_Output_Default.uexp" 101
"../../../Engine/Plugins/NNE/NNEDenoiser/Content/NNEDOM_Output_Alpha.uasset" 102
"../../../Engine/Plugins/NNE/NNEDenoiser/Content/NNEDOM_Output_Alpha.uexp" 103
"../../../Engine/Plugins/NNE/NNEDenoiser/Content/NNEDIM_HighQuality_Default.uasset" 104
"../../../Engine/Plugins/NNE/NNEDenoiser/Content/NNEDIM_HighQuality_Default.uexp" 105
"../../../Engine/Plugins/NNE/NNEDenoiser/Content/NNEDIM_HighQuality_Alpha.uasset" 106
"../../../Engine/Plugins/NNE/NNEDenoiser/Content/NNEDIM_HighQuality_Alpha.uexp" 107
"../../../Engine/Plugins/NNE/NNEDenoiser/Content/NNEDIM_ColorAlbedoNormal_Default.uasset" 108
"../../../Engine/Plugins/NNE/NNEDenoiser/Content/NNEDIM_ColorAlbedoNormal_Default.uexp" 109
"../../../Engine/Plugins/NNE/NNEDenoiser/Content/NNEDIM_ColorAlbedoNormal_Alpha.uasset" 110
"../../../Engine/Plugins/NNE/NNEDenoiser/Content/NNEDIM_ColorAlbedoNormal_Alpha.uexp" 111
"../../../Engine/Content/EngineMaterials/T_Default_Material_Grid_M.ubulk" 112
"../../../Engine/Content/EngineMaterials/T_Default_Material_Grid_M.uasset" 113
"../../../Engine/Content/EngineMaterials/T_Default_Material_Grid_M.uexp" 114
"../../../Engine/Content/Functions/Engine_MaterialFunctions01/Opacity/CameraDepthFade.uasset" 115
"../../../Engine/Content/Functions/Engine_MaterialFunctions01/Opacity/CameraDepthFade.uexp" 116
"../../../Engine/Content/EngineMaterials/T_Default_Material_Grid_N.ubulk" 117
"../../../Engine/Content/EngineMaterials/T_Default_Material_Grid_N.uasset" 118
"../../../Engine/Content/EngineMaterials/T_Default_Material_Grid_N.uexp" 119
"../../../Engine/Content/EngineMaterials/WorldGridMaterial.uasset" 120
"../../../Engine/Content/EngineMaterials/WorldGridMaterial.uexp" 121
"../../../Engine/Plugins/Media/MediaPlate/Content/SM_MediaPlateScreen.ubulk" 122
"../../../Engine/Plugins/Media/MediaPlate/Content/SM_MediaPlateScreen.uasset" 123
"../../../Engine/Plugins/Media/MediaPlate/Content/SM_MediaPlateScreen.uexp" 124
"../../../Engine/Content/Functions/Engine_MaterialFunctions02/WorldPositionOffset/CameraOffset.uasset" 125
"../../../Engine/Content/Functions/Engine_MaterialFunctions02/WorldPositionOffset/CameraOffset.uexp" 126
"../../../Engine/Plugins/Animation/ControlRig/Content/M_Manip.uasset" 127
"../../../Engine/Plugins/Animation/ControlRig/Content/M_Manip.uexp" 128
"../../../Engine/Content/EngineMaterials/DefaultMaterial.uasset" 129
"../../../Engine/Content/EngineMaterials/DefaultMaterial.uexp" 130
"../../../Engine/Content/BasicShapes/Sphere.ubulk" 131
"../../../Engine/Content/BasicShapes/Sphere.uasset" 132
"../../../Engine/Content/BasicShapes/Sphere.uexp" 133
"../../../Engine/Content/BasicShapes/Plane.ubulk" 134
"../../../Engine/Content/BasicShapes/Plane.uasset" 135
"../../../Engine/Content/BasicShapes/Plane.uexp" 136
"../../../Engine/Content/BasicShapes/Cylinder.ubulk" 137
"../../../Engine/Content/BasicShapes/Cylinder.uasset" 138
"../../../Engine/Content/BasicShapes/Cylinder.uexp" 139
"../../../Engine/Content/BasicShapes/Cube.ubulk" 140
"../../../Engine/Content/BasicShapes/Cube.uasset" 141
"../../../Engine/Content/BasicShapes/Cube.uexp" 142
"../../../Engine/Content/BasicShapes/Cone.ubulk" 143
"../../../Engine/Content/BasicShapes/Cone.uasset" 144
"../../../Engine/Content/BasicShapes/Cone.uexp" 145
"../../../Engine/Content/BasicShapes/BasicShapeMaterial.uasset" 146
"../../../Engine/Content/BasicShapes/BasicShapeMaterial.uexp" 147
"../../../Engine/Content/EditorResources/S_Terrain.ubulk" 148
"../../../Engine/Content/EditorResources/S_Terrain.uasset" 149
"../../../Engine/Content/EditorResources/S_Terrain.uexp" 150
"../../../Engine/Content/EditorResources/S_Solver.ubulk" 151
"../../../Engine/Content/EditorResources/S_Solver.uasset" 152
"../../../Engine/Content/EditorResources/S_Solver.uexp" 153
"../../../Engine/Content/EditorResources/BSPVertex.uasset" 154
"../../../Engine/Content/EditorResources/BSPVertex.uexp" 155
"../../../Engine/Content/EditorMaterials/PreviewShadowIndicator.ubulk" 156
"../../../Engine/Content/EditorMaterials/PreviewShadowIndicator.uasset" 157
"../../../Engine/Content/EditorMaterials/PreviewShadowIndicator.uexp" 158
"../../../Engine/Content/EditorMaterials/PreviewShadowIndicatorMaterial.uasset" 159
"../../../Engine/Content/EditorMaterials/PreviewShadowIndicatorMaterial.uexp" 160
"../../../Engine/Content/EditorMaterials/PhAT_UnselectedMaterial.uasset" 161
"../../../Engine/Content/EditorMaterials/PhAT_UnselectedMaterial.uexp" 162
"../../../Engine/Content/EditorMaterials/PhAT_NoCollisionMaterial.uasset" 163
"../../../Engine/Content/EditorMaterials/PhAT_NoCollisionMaterial.uexp" 164
"../../../Engine/Content/EditorLandscapeResources/SplineEditorMeshMat.uasset" 165
"../../../Engine/Content/EditorLandscapeResources/SplineEditorMeshMat.uexp" 166
"../../../Engine/Content/EditorLandscapeResources/SplineEditorMesh.ubulk" 167
"../../../Engine/Content/EditorLandscapeResources/SplineEditorMesh.uasset" 168
"../../../Engine/Content/EditorLandscapeResources/SplineEditorMesh.uexp" 169
"../../../Engine/Content/EditorLandscapeResources/WhiteSquareTexture.uasset" 170
"../../../Engine/Content/EditorLandscapeResources/WhiteSquareTexture.uexp" 171
"../../../Engine/Content/EditorLandscapeResources/DefaultAlphaTexture.uasset" 172
"../../../Engine/Content/EditorLandscapeResources/DefaultAlphaTexture.uexp" 173
"../../../Engine/Content/Functions/Engine_MaterialFunctions03/Math/WithinRangeFloat2.uasset" 174
"../../../Engine/Content/Functions/Engine_MaterialFunctions03/Math/WithinRangeFloat2.uexp" 175
"../../../Engine/Content/EditorLandscapeResources/SelectBrushMaterial.uasset" 176
"../../../Engine/Content/EditorLandscapeResources/SelectBrushMaterial.uexp" 177
"../../../Engine/Content/EditorLandscapeResources/SelectBrushMaterial_SelectedRegion.uasset" 178
"../../../Engine/Content/EditorLandscapeResources/SelectBrushMaterial_SelectedRegion.uexp" 179
"../../../Engine/Content/EditorLandscapeResources/SelectBrushMaterial_Selected.uasset" 180
"../../../Engine/Content/EditorLandscapeResources/SelectBrushMaterial_Selected.uexp" 181
"../../../Engine/Content/Functions/Engine_MaterialFunctions02/Utility/MakeFloat3.uasset" 182
"../../../Engine/Content/Functions/Engine_MaterialFunctions02/Utility/MakeFloat3.uexp" 183
"../../../Engine/Content/EditorLandscapeResources/MaskBrushMaterial.uasset" 184
"../../../Engine/Content/EditorLandscapeResources/MaskBrushMaterial.uexp" 185
"../../../Engine/Content/EditorLandscapeResources/MaskBrushMaterial_MaskedRegion.uasset" 186
"../../../Engine/Content/EditorLandscapeResources/MaskBrushMaterial_MaskedRegion.uexp" 187
"../../../Engine/Content/EditorLandscapeResources/LayerVisMaterial.uasset" 188
"../../../Engine/Content/EditorLandscapeResources/LayerVisMaterial.uexp" 189
"../../../Engine/Content/Functions/Engine_MaterialFunctions02/Utility/BreakOutFloat2Components.uasset" 190
"../../../Engine/Content/Functions/Engine_MaterialFunctions02/Utility/BreakOutFloat2Components.uexp" 191
"../../../Engine/Content/Functions/Engine_MaterialFunctions01/Texturing/ScaleUVsByCenter.uasset" 192
"../../../Engine/Content/Functions/Engine_MaterialFunctions01/Texturing/ScaleUVsByCenter.uexp" 193
"../../../Engine/Content/Functions/Engine_MaterialFunctions02/WorldPositionOffset/LocalPosition.uasset" 194
"../../../Engine/Content/Functions/Engine_MaterialFunctions02/WorldPositionOffset/LocalPosition.uexp" 195
"../../../Engine/Content/EngineMaterials/DefaultDiffuse.ubulk" 196
"../../../Engine/Content/EngineMaterials/DefaultDiffuse.uasset" 197
"../../../Engine/Content/EngineMaterials/DefaultDiffuse.uexp" 198
"../../../Engine/Content/Functions/Engine_MaterialFunctions01/Texturing/TextureCropping.uasset" 199
"../../../Engine/Content/Functions/Engine_MaterialFunctions01/Texturing/TextureCropping.uexp" 200
"../../../Engine/Content/Functions/Engine_MaterialFunctions02/ExampleContent/DebugNumberStrip.uasset" 201
"../../../Engine/Content/Functions/Engine_MaterialFunctions02/ExampleContent/DebugNumberStrip.uexp" 202
"../../../Engine/Content/Functions/Engine_MaterialFunctions01/Debug/DebugIntValues.uasset" 203
"../../../Engine/Content/Functions/Engine_MaterialFunctions01/Debug/DebugIntValues.uexp" 204
"../../../Engine/Content/EditorLandscapeResources/LandscapeLayerUsageMaterial.uasset" 205
"../../../Engine/Content/EditorLandscapeResources/LandscapeLayerUsageMaterial.uexp" 206
"../../../Engine/Content/EditorLandscapeResources/LandscapeDirtyMaterial.uasset" 207
"../../../Engine/Content/EditorLandscapeResources/LandscapeDirtyMaterial.uexp" 208
"../../../Engine/Content/EditorLandscapeResources/ColorMaskBrushMaterial.uasset" 209
"../../../Engine/Content/EditorLandscapeResources/ColorMaskBrushMaterial.uexp" 210
"../../../Engine/Content/EditorLandscapeResources/ColorMaskBrushMaterial_MaskedRegion.uasset" 211
"../../../Engine/Content/EditorLandscapeResources/ColorMaskBrushMaterial_MaskedRegion.uexp" 212
"../../../Engine/Content/Functions/Engine_MaterialFunctions02/Utility/VectorLength.uasset" 213
"../../../Engine/Content/Functions/Engine_MaterialFunctions02/Utility/VectorLength.uexp" 214
"../../../Engine/Content/Functions/Engine_MaterialFunctions02/WorldPositionOffset/ObjectScale.uasset" 215
"../../../Engine/Content/Functions/Engine_MaterialFunctions02/WorldPositionOffset/ObjectScale.uexp" 216
"../../../Engine/Content/Functions/Engine_MaterialFunctions02/Utility/BreakOutFloat3Components.uasset" 217
"../../../Engine/Content/Functions/Engine_MaterialFunctions02/Utility/BreakOutFloat3Components.uexp" 218
"../../../Engine/Content/Functions/Engine_MaterialFunctions02/SafeNormalize.uasset" 219
"../../../Engine/Content/Functions/Engine_MaterialFunctions02/SafeNormalize.uexp" 220
"../../../Engine/Plugins/Editor/SpeedTreeImporter/Content/SpeedTree9/UnpackInteger3.uasset" 221
"../../../Engine/Plugins/Editor/SpeedTreeImporter/Content/SpeedTree9/UnpackInteger3.uexp" 222
"../../../Engine/Plugins/Editor/SpeedTreeImporter/Content/SpeedTree9/UnpackDirection.uasset" 223
"../../../Engine/Plugins/Editor/SpeedTreeImporter/Content/SpeedTree9/UnpackDirection.uexp" 224
"../../../Engine/Plugins/Editor/SpeedTreeImporter/Content/SpeedTree9/game_wind_noise.ubulk" 225
"../../../Engine/Plugins/Editor/SpeedTreeImporter/Content/SpeedTree9/game_wind_noise.uasset" 226
"../../../Engine/Plugins/Editor/SpeedTreeImporter/Content/SpeedTree9/game_wind_noise.uexp" 227
"../../../Engine/Plugins/Editor/SpeedTreeImporter/Content/SpeedTree9/SpeedTreeWindMotion.uasset" 228
"../../../Engine/Plugins/Editor/SpeedTreeImporter/Content/SpeedTree9/SpeedTreeWindMotion.uexp" 229
"../../../Engine/Plugins/Editor/SpeedTreeImporter/Content/SpeedTree9/SpeedTreeBranchMotion.uasset" 230
"../../../Engine/Plugins/Editor/SpeedTreeImporter/Content/SpeedTree9/SpeedTreeBranchMotion.uexp" 231
"../../../Engine/Content/Functions/Engine_MaterialFunctions02/ObjectLocalBounds.uasset" 232
"../../../Engine/Content/Functions/Engine_MaterialFunctions02/ObjectLocalBounds.uexp" 233
"../../../Engine/Content/Functions/Engine_MaterialFunctions02/UVs/BoundingBoxBased_0-1_UVW.uasset" 234
"../../../Engine/Content/Functions/Engine_MaterialFunctions02/UVs/BoundingBoxBased_0-1_UVW.uexp" 235
"../../../Engine/Plugins/Editor/SpeedTreeImporter/Content/SpeedTree9/SpeedTreeWind.uasset" 236
"../../../Engine/Plugins/Editor/SpeedTreeImporter/Content/SpeedTree9/SpeedTreeWind.uexp" 237
"../../../Engine/Plugins/Editor/SpeedTreeImporter/Content/SpeedTree9/SpeedTreeCameraFacing.uasset" 238
"../../../Engine/Plugins/Editor/SpeedTreeImporter/Content/SpeedTree9/SpeedTreeCameraFacing.uexp" 239
"../../../Engine/Plugins/Editor/SpeedTreeImporter/Content/SpeedTree9/EmptyNormal.uasset" 240
"../../../Engine/Plugins/Editor/SpeedTreeImporter/Content/SpeedTree9/EmptyNormal.uexp" 241
"../../../Engine/Plugins/Editor/SpeedTreeImporter/Content/SpeedTree9/Empty.uasset" 242
"../../../Engine/Plugins/Editor/SpeedTreeImporter/Content/SpeedTree9/Empty.uexp" 243
"../../../Engine/Plugins/Editor/SpeedTreeImporter/Content/SpeedTree9/SpeedTreeMaster.uasset" 244
"../../../Engine/Plugins/Editor/SpeedTreeImporter/Content/SpeedTree9/SpeedTreeMaster.uexp" 245
"../../../Engine/Plugins/Editor/SpeedTreeImporter/Content/SpeedTree9/SpeedTreeBillboard.uasset" 246
"../../../Engine/Plugins/Editor/SpeedTreeImporter/Content/SpeedTree9/SpeedTreeBillboard.uexp" 247
"../../../Engine/Plugins/Editor/SpeedTreeImporter/Content/SpeedTree9/SpeedTreeBillboardMaster.uasset" 248
"../../../Engine/Plugins/Editor/SpeedTreeImporter/Content/SpeedTree9/SpeedTreeBillboardMaster.uexp" 249
"../../../Engine/Plugins/Animation/ControlRig/Content/Controls/ControlRig_Wedge_solid.ubulk" 250
"../../../Engine/Plugins/Animation/ControlRig/Content/Controls/ControlRig_Wedge_solid.uasset" 251
"../../../Engine/Plugins/Animation/ControlRig/Content/Controls/ControlRig_Wedge_solid.uexp" 252
"../../../Engine/Plugins/Animation/ControlRig/Content/Controls/ControlRig_Wedge_3mm.ubulk" 253
"../../../Engine/Plugins/Animation/ControlRig/Content/Controls/ControlRig_Wedge_3mm.uasset" 254
"../../../Engine/Plugins/Animation/ControlRig/Content/Controls/ControlRig_Wedge_3mm.uexp" 255
"../../../Engine/Plugins/Animation/ControlRig/Content/Controls/ControlRig_Wedge_1mm.ubulk" 256
"../../../Engine/Plugins/Animation/ControlRig/Content/Controls/ControlRig_Wedge_1mm.uasset" 257
"../../../Engine/Plugins/Animation/ControlRig/Content/Controls/ControlRig_Wedge_1mm.uexp" 258
"../../../Engine/Plugins/Animation/ControlRig/Content/Controls/ControlRig_Triangle_solid.ubulk" 259
"../../../Engine/Plugins/Animation/ControlRig/Content/Controls/ControlRig_Triangle_solid.uasset" 260
"../../../Engine/Plugins/Animation/ControlRig/Content/Controls/ControlRig_Triangle_solid.uexp" 261
"../../../Engine/Plugins/Animation/ControlRig/Content/Controls/ControlRig_Triangle_3mm.ubulk" 262
"../../../Engine/Plugins/Animation/ControlRig/Content/Controls/ControlRig_Triangle_3mm.uasset" 263
"../../../Engine/Plugins/Animation/ControlRig/Content/Controls/ControlRig_Triangle_3mm.uexp" 264
"../../../Engine/Plugins/Animation/ControlRig/Content/Controls/ControlRig_Triangle_1mm.ubulk" 265
"../../../Engine/Plugins/Animation/ControlRig/Content/Controls/ControlRig_Triangle_1mm.uasset" 266
"../../../Engine/Plugins/Animation/ControlRig/Content/Controls/ControlRig_Triangle_1mm.uexp" 267
"../../../Engine/Plugins/Animation/ControlRig/Content/Controls/ControlRig_Star4_solid.ubulk" 268
"../../../Engine/Plugins/Animation/ControlRig/Content/Controls/ControlRig_Star4_solid.uasset" 269
"../../../Engine/Plugins/Animation/ControlRig/Content/Controls/ControlRig_Star4_solid.uexp" 270
"../../../Engine/Plugins/Animation/ControlRig/Content/Controls/ControlRig_Star4_3mm.ubulk" 271
"../../../Engine/Plugins/Animation/ControlRig/Content/Controls/ControlRig_Star4_3mm.uasset" 272
"../../../Engine/Plugins/Animation/ControlRig/Content/Controls/ControlRig_Star4_3mm.uexp" 273
"../../../Engine/Plugins/Animation/ControlRig/Content/Controls/ControlRig_Star4_1mm.ubulk" 274
"../../../Engine/Plugins/Animation/ControlRig/Content/Controls/ControlRig_Star4_1mm.uasset" 275
"../../../Engine/Plugins/Animation/ControlRig/Content/Controls/ControlRig_Star4_1mm.uexp" 276
"../../../Engine/Plugins/Animation/ControlRig/Content/Controls/ControlRig_Square_solid.ubulk" 277
"../../../Engine/Plugins/Animation/ControlRig/Content/Controls/ControlRig_Square_solid.uasset" 278
"../../../Engine/Plugins/Animation/ControlRig/Content/Controls/ControlRig_Square_solid.uexp" 279
"../../../Engine/Plugins/Animation/ControlRig/Content/Controls/ControlRig_Square_3mm.ubulk" 280
"../../../Engine/Plugins/Animation/ControlRig/Content/Controls/ControlRig_Square_3mm.uasset" 281
"../../../Engine/Plugins/Animation/ControlRig/Content/Controls/ControlRig_Square_3mm.uexp" 282
"../../../Engine/Plugins/Animation/ControlRig/Content/Controls/ControlRig_Square_1mm.ubulk" 283
"../../../Engine/Plugins/Animation/ControlRig/Content/Controls/ControlRig_Square_1mm.uasset" 284
"../../../Engine/Plugins/Animation/ControlRig/Content/Controls/ControlRig_Square_1mm.uexp" 285
"../../../Engine/Plugins/Animation/ControlRig/Content/Controls/ControlRig_Sphere_solid.ubulk" 286
"../../../Engine/Plugins/Animation/ControlRig/Content/Controls/ControlRig_Sphere_solid.uasset" 287
"../../../Engine/Plugins/Animation/ControlRig/Content/Controls/ControlRig_Sphere_solid.uexp" 288
"../../../Engine/Plugins/Animation/ControlRig/Content/Controls/ControlRig_Sphere_3mm.ubulk" 289
"../../../Engine/Plugins/Animation/ControlRig/Content/Controls/ControlRig_Sphere_3mm.uasset" 290
"../../../Engine/Plugins/Animation/ControlRig/Content/Controls/ControlRig_Sphere_3mm.uexp" 291
"../../../Engine/Plugins/Animation/ControlRig/Content/Controls/ControlRig_Sphere_1mm.ubulk" 292
"../../../Engine/Plugins/Animation/ControlRig/Content/Controls/ControlRig_Sphere_1mm.uasset" 293
"../../../Engine/Plugins/Animation/ControlRig/Content/Controls/ControlRig_Sphere_1mm.uexp" 294
"../../../Engine/Plugins/Animation/ControlRig/Content/Controls/ControlRig_RoundedTriangle_solid.ubulk" 295
"../../../Engine/Plugins/Animation/ControlRig/Content/Controls/ControlRig_RoundedTriangle_solid.uasset" 296
"../../../Engine/Plugins/Animation/ControlRig/Content/Controls/ControlRig_RoundedTriangle_solid.uexp" 297
"../../../Engine/Plugins/Animation/ControlRig/Content/Controls/ControlRig_RoundedTriangle_3mm.ubulk" 298
"../../../Engine/Plugins/Animation/ControlRig/Content/Controls/ControlRig_RoundedTriangle_3mm.uasset" 299
"../../../Engine/Plugins/Animation/ControlRig/Content/Controls/ControlRig_RoundedTriangle_3mm.uexp" 300
"../../../Engine/Plugins/Animation/ControlRig/Content/Controls/ControlRig_RoundedTriangle_1mm.ubulk" 301
"../../../Engine/Plugins/Animation/ControlRig/Content/Controls/ControlRig_RoundedTriangle_1mm.uasset" 302
"../../../Engine/Plugins/Animation/ControlRig/Content/Controls/ControlRig_RoundedTriangle_1mm.uexp" 303
"../../../Engine/Plugins/Animation/ControlRig/Content/Controls/ControlRig_RoundedSquare_solid.ubulk" 304
"../../../Engine/Plugins/Animation/ControlRig/Content/Controls/ControlRig_RoundedSquare_solid.uasset" 305
"../../../Engine/Plugins/Animation/ControlRig/Content/Controls/ControlRig_RoundedSquare_solid.uexp" 306
"../../../Engine/Plugins/Animation/ControlRig/Content/Controls/ControlRig_RoundedSquare_3mm.ubulk" 307
"../../../Engine/Plugins/Animation/ControlRig/Content/Controls/ControlRig_RoundedSquare_3mm.uasset" 308
"../../../Engine/Plugins/Animation/ControlRig/Content/Controls/ControlRig_RoundedSquare_3mm.uexp" 309
"../../../Engine/Plugins/Animation/ControlRig/Content/Controls/ControlRig_RoundedSquare_1mm.ubulk" 310
"../../../Engine/Plugins/Animation/ControlRig/Content/Controls/ControlRig_RoundedSquare_1mm.uasset" 311
"../../../Engine/Plugins/Animation/ControlRig/Content/Controls/ControlRig_RoundedSquare_1mm.uexp" 312
"../../../Engine/Plugins/Animation/ControlRig/Content/Controls/ControlRig_QuarterCircle_solid.ubulk" 313
"../../../Engine/Plugins/Animation/ControlRig/Content/Controls/ControlRig_QuarterCircle_solid.uasset" 314
"../../../Engine/Plugins/Animation/ControlRig/Content/Controls/ControlRig_QuarterCircle_solid.uexp" 315
"../../../Engine/Plugins/Animation/ControlRig/Content/Controls/ControlRig_QuarterCircle_3mm.ubulk" 316
"../../../Engine/Plugins/Animation/ControlRig/Content/Controls/ControlRig_QuarterCircle_3mm.uasset" 317
"../../../Engine/Plugins/Animation/ControlRig/Content/Controls/ControlRig_QuarterCircle_3mm.uexp" 318
"../../../Engine/Plugins/Animation/ControlRig/Content/Controls/ControlRig_QuarterCircle_1mm.ubulk" 319
"../../../Engine/Plugins/Animation/ControlRig/Content/Controls/ControlRig_QuarterCircle_1mm.uasset" 320
"../../../Engine/Plugins/Animation/ControlRig/Content/Controls/ControlRig_QuarterCircle_1mm.uexp" 321
"../../../Engine/Plugins/Animation/ControlRig/Content/Controls/ControlRig_Pyramid_solid.ubulk" 322
"../../../Engine/Plugins/Animation/ControlRig/Content/Controls/ControlRig_Pyramid_solid.uasset" 323
"../../../Engine/Plugins/Animation/ControlRig/Content/Controls/ControlRig_Pyramid_solid.uexp" 324
"../../../Engine/Plugins/Animation/ControlRig/Content/Controls/ControlRig_Pyramid_3mm.ubulk" 325
"../../../Engine/Plugins/Animation/ControlRig/Content/Controls/ControlRig_Pyramid_3mm.uasset" 326
"../../../Engine/Plugins/Animation/ControlRig/Content/Controls/ControlRig_Pyramid_3mm.uexp" 327
"../../../Engine/Plugins/Animation/ControlRig/Content/Controls/ControlRig_Pyramid_1mm.ubulk" 328
"../../../Engine/Plugins/Animation/ControlRig/Content/Controls/ControlRig_Pyramid_1mm.uasset" 329
"../../../Engine/Plugins/Animation/ControlRig/Content/Controls/ControlRig_Pyramid_1mm.uexp" 330
"../../../Engine/Plugins/Animation/ControlRig/Content/Controls/ControlRig_Octagon_solid.ubulk" 331
"../../../Engine/Plugins/Animation/ControlRig/Content/Controls/ControlRig_Octagon_solid.uasset" 332
"../../../Engine/Plugins/Animation/ControlRig/Content/Controls/ControlRig_Octagon_solid.uexp" 333
"../../../Engine/Plugins/Animation/ControlRig/Content/Controls/ControlRig_Octagon_3mm.ubulk" 334
"../../../Engine/Plugins/Animation/ControlRig/Content/Controls/ControlRig_Octagon_3mm.uasset" 335
"../../../Engine/Plugins/Animation/ControlRig/Content/Controls/ControlRig_Octagon_3mm.uexp" 336
"../../../Engine/Plugins/Animation/ControlRig/Content/Controls/ControlRig_Octagon_1mm.ubulk" 337
"../../../Engine/Plugins/Animation/ControlRig/Content/Controls/ControlRig_Octagon_1mm.uasset" 338
"../../../Engine/Plugins/Animation/ControlRig/Content/Controls/ControlRig_Octagon_1mm.uexp" 339
"../../../Engine/Plugins/Animation/ControlRig/Content/Controls/ControlRig_Hexagon_solid.ubulk" 340
"../../../Engine/Plugins/Animation/ControlRig/Content/Controls/ControlRig_Hexagon_solid.uasset" 341
"../../../Engine/Plugins/Animation/ControlRig/Content/Controls/ControlRig_Hexagon_solid.uexp" 342
"../../../Engine/Plugins/Animation/ControlRig/Content/Controls/ControlRig_Hexagon_3mm.ubulk" 343
"../../../Engine/Plugins/Animation/ControlRig/Content/Controls/ControlRig_Hexagon_3mm.uasset" 344
"../../../Engine/Plugins/Animation/ControlRig/Content/Controls/ControlRig_Hexagon_3mm.uexp" 345
"../../../Engine/Plugins/Animation/ControlRig/Content/Controls/ControlRig_Hexagon_1mm.ubulk" 346
"../../../Engine/Plugins/Animation/ControlRig/Content/Controls/ControlRig_Hexagon_1mm.uasset" 347
"../../../Engine/Plugins/Animation/ControlRig/Content/Controls/ControlRig_Hexagon_1mm.uexp" 348
"../../../Engine/Plugins/Animation/ControlRig/Content/Controls/ControlRig_HalfCircle_solid.ubulk" 349
"../../../Engine/Plugins/Animation/ControlRig/Content/Controls/ControlRig_HalfCircle_solid.uasset" 350
"../../../Engine/Plugins/Animation/ControlRig/Content/Controls/ControlRig_HalfCircle_solid.uexp" 351
"../../../Engine/Plugins/Animation/ControlRig/Content/Controls/ControlRig_HalfCircle_3mm.ubulk" 352
"../../../Engine/Plugins/Animation/ControlRig/Content/Controls/ControlRig_HalfCircle_3mm.uasset" 353
"../../../Engine/Plugins/Animation/ControlRig/Content/Controls/ControlRig_HalfCircle_3mm.uexp" 354
"../../../Engine/Plugins/Animation/ControlRig/Content/Controls/ControlRig_HalfCircle_1mm.ubulk" 355
"../../../Engine/Plugins/Animation/ControlRig/Content/Controls/ControlRig_HalfCircle_1mm.uasset" 356
"../../../Engine/Plugins/Animation/ControlRig/Content/Controls/ControlRig_HalfCircle_1mm.uexp" 357
"../../../Engine/Plugins/Animation/ControlRig/Content/Controls/ControlRig_Diamond_solid.ubulk" 358
"../../../Engine/Plugins/Animation/ControlRig/Content/Controls/ControlRig_Diamond_solid.uasset" 359
"../../../Engine/Plugins/Animation/ControlRig/Content/Controls/ControlRig_Diamond_solid.uexp" 360
"../../../Engine/Plugins/Animation/ControlRig/Content/Controls/ControlRig_Diamond_3mm.ubulk" 361
"../../../Engine/Plugins/Animation/ControlRig/Content/Controls/ControlRig_Diamond_3mm.uasset" 362
"../../../Engine/Plugins/Animation/ControlRig/Content/Controls/ControlRig_Diamond_3mm.uexp" 363
"../../../Engine/Plugins/Animation/ControlRig/Content/Controls/ControlRig_Diamond_1mm.ubulk" 364
"../../../Engine/Plugins/Animation/ControlRig/Content/Controls/ControlRig_Diamond_1mm.uasset" 365
"../../../Engine/Plugins/Animation/ControlRig/Content/Controls/ControlRig_Diamond_1mm.uexp" 366
"../../../Engine/Plugins/Animation/ControlRig/Content/Controls/ControlRig_Circle_solid.ubulk" 367
"../../../Engine/Plugins/Animation/ControlRig/Content/Controls/ControlRig_Circle_solid.uasset" 368
"../../../Engine/Plugins/Animation/ControlRig/Content/Controls/ControlRig_Circle_solid.uexp" 369
"../../../Engine/Plugins/Animation/ControlRig/Content/Controls/ControlRig_Circle_3mm.ubulk" 370
"../../../Engine/Plugins/Animation/ControlRig/Content/Controls/ControlRig_Circle_3mm.uasset" 371
"../../../Engine/Plugins/Animation/ControlRig/Content/Controls/ControlRig_Circle_3mm.uexp" 372
"../../../Engine/Plugins/Animation/ControlRig/Content/Controls/ControlRig_Circle_1mm.ubulk" 373
"../../../Engine/Plugins/Animation/ControlRig/Content/Controls/ControlRig_Circle_1mm.uasset" 374
"../../../Engine/Plugins/Animation/ControlRig/Content/Controls/ControlRig_Circle_1mm.uexp" 375
"../../../Engine/Plugins/Animation/ControlRig/Content/Controls/ControlRig_Box_solid.ubulk" 376
"../../../Engine/Plugins/Animation/ControlRig/Content/Controls/ControlRig_Box_solid.uasset" 377
"../../../Engine/Plugins/Animation/ControlRig/Content/Controls/ControlRig_Box_solid.uexp" 378
"../../../Engine/Plugins/Animation/ControlRig/Content/Controls/ControlRig_Box_3mm.ubulk" 379
"../../../Engine/Plugins/Animation/ControlRig/Content/Controls/ControlRig_Box_3mm.uasset" 380
"../../../Engine/Plugins/Animation/ControlRig/Content/Controls/ControlRig_Box_3mm.uexp" 381
"../../../Engine/Plugins/Animation/ControlRig/Content/Controls/ControlRig_Box_1mm.ubulk" 382
"../../../Engine/Plugins/Animation/ControlRig/Content/Controls/ControlRig_Box_1mm.uasset" 383
"../../../Engine/Plugins/Animation/ControlRig/Content/Controls/ControlRig_Box_1mm.uexp" 384
"../../../Engine/Plugins/Animation/ControlRig/Content/Controls/ControlRig_Arrow_solid.ubulk" 385
"../../../Engine/Plugins/Animation/ControlRig/Content/Controls/ControlRig_Arrow_solid.uasset" 386
"../../../Engine/Plugins/Animation/ControlRig/Content/Controls/ControlRig_Arrow_solid.uexp" 387
"../../../Engine/Plugins/Animation/ControlRig/Content/Controls/ControlRig_Arrow_3mm.ubulk" 388
"../../../Engine/Plugins/Animation/ControlRig/Content/Controls/ControlRig_Arrow_3mm.uasset" 389
"../../../Engine/Plugins/Animation/ControlRig/Content/Controls/ControlRig_Arrow_3mm.uexp" 390
"../../../Engine/Plugins/Animation/ControlRig/Content/Controls/ControlRig_Arrow_1mm.ubulk" 391
"../../../Engine/Plugins/Animation/ControlRig/Content/Controls/ControlRig_Arrow_1mm.uasset" 392
"../../../Engine/Plugins/Animation/ControlRig/Content/Controls/ControlRig_Arrow_1mm.uexp" 393
"../../../Engine/Plugins/Animation/ControlRig/Content/Controls/ControlRig_Arrow4_solid.ubulk" 394
"../../../Engine/Plugins/Animation/ControlRig/Content/Controls/ControlRig_Arrow4_solid.uasset" 395
"../../../Engine/Plugins/Animation/ControlRig/Content/Controls/ControlRig_Arrow4_solid.uexp" 396
"../../../Engine/Plugins/Animation/ControlRig/Content/Controls/ControlRig_Arrow4_3mm.ubulk" 397
"../../../Engine/Plugins/Animation/ControlRig/Content/Controls/ControlRig_Arrow4_3mm.uasset" 398
"../../../Engine/Plugins/Animation/ControlRig/Content/Controls/ControlRig_Arrow4_3mm.uexp" 399
"../../../Engine/Plugins/Animation/ControlRig/Content/Controls/ControlRig_Arrow4_1mm.ubulk" 400
"../../../Engine/Plugins/Animation/ControlRig/Content/Controls/ControlRig_Arrow4_1mm.uasset" 401
"../../../Engine/Plugins/Animation/ControlRig/Content/Controls/ControlRig_Arrow4_1mm.uexp" 402
"../../../Engine/Plugins/Animation/ControlRig/Content/Controls/ControlRig_Arrow2_solid.ubulk" 403
"../../../Engine/Plugins/Animation/ControlRig/Content/Controls/ControlRig_Arrow2_solid.uasset" 404
"../../../Engine/Plugins/Animation/ControlRig/Content/Controls/ControlRig_Arrow2_solid.uexp" 405
"../../../Engine/Plugins/Animation/ControlRig/Content/Controls/ControlRig_Arrow2_3mm.ubulk" 406
"../../../Engine/Plugins/Animation/ControlRig/Content/Controls/ControlRig_Arrow2_3mm.uasset" 407
"../../../Engine/Plugins/Animation/ControlRig/Content/Controls/ControlRig_Arrow2_3mm.uexp" 408
"../../../Engine/Plugins/Animation/ControlRig/Content/Controls/ControlRig_Arrow2_1mm.ubulk" 409
"../../../Engine/Plugins/Animation/ControlRig/Content/Controls/ControlRig_Arrow2_1mm.uasset" 410
"../../../Engine/Plugins/Animation/ControlRig/Content/Controls/ControlRig_Arrow2_1mm.uexp" 411
"../../../Engine/Plugins/Animation/ControlRig/Content/Controls/ControlRigXRayMaterial.uasset" 412
"../../../Engine/Plugins/Animation/ControlRig/Content/Controls/ControlRigXRayMaterial.uexp" 413
"../../../Engine/Plugins/Animation/ControlRig/Content/Controls/ControlRigGizmoMaterial.uasset" 414
"../../../Engine/Plugins/Animation/ControlRig/Content/Controls/ControlRigGizmoMaterial.uexp" 415
"../../../Engine/Content/EngineResources/DefaultTextureCube.uasset" 416
"../../../Engine/Content/EngineResources/DefaultTextureCube.uexp" 417
"../../../Engine/Content/EngineResources/WhiteSquareTexture.uasset" 418
"../../../Engine/Content/EngineResources/WhiteSquareTexture.uexp" 419
"../../../Engine/Content/EngineMaterials/Widget3DPassThrough.uasset" 420
"../../../Engine/Content/EngineMaterials/Widget3DPassThrough.uexp" 421
"../../../Engine/Content/EngineMaterials/Widget3DPassThrough_Translucent.uasset" 422
"../../../Engine/Content/EngineMaterials/Widget3DPassThrough_Translucent.uexp" 423
"../../../Engine/Content/EngineMaterials/Widget3DPassThrough_Translucent_OneSided.uasset" 424
"../../../Engine/Content/EngineMaterials/Widget3DPassThrough_Translucent_OneSided.uexp" 425
"../../../Engine/Content/EngineMaterials/Widget3DPassThrough_Opaque.uasset" 426
"../../../Engine/Content/EngineMaterials/Widget3DPassThrough_Opaque.uexp" 427
"../../../Engine/Content/EngineMaterials/Widget3DPassThrough_Opaque_OneSided.uasset" 428
"../../../Engine/Content/EngineMaterials/Widget3DPassThrough_Opaque_OneSided.uexp" 429
"../../../Engine/Content/EngineMaterials/Widget3DPassThrough_Masked_OneSided.uasset" 430
"../../../Engine/Content/EngineMaterials/Widget3DPassThrough_Masked_OneSided.uexp" 431
"../../../Engine/Content/EngineMaterials/Widget3DPassThrough_Masked.uasset" 432
"../../../Engine/Content/EngineMaterials/Widget3DPassThrough_Masked.uexp" 433
"../../../Engine/Content/EngineMaterials/WeightMapPlaceholderTexture.uasset" 434
"../../../Engine/Content/EngineMaterials/WeightMapPlaceholderTexture.uexp" 435
"../../../Engine/Content/EngineMaterials/WeightMapArrayPlaceholderTexture.uasset" 436
"../../../Engine/Content/EngineMaterials/WeightMapArrayPlaceholderTexture.uexp" 437
"../../../Engine/Content/EngineMaterials/RemoveSurfaceMaterial.uasset" 438
"../../../Engine/Content/EngineMaterials/RemoveSurfaceMaterial.uexp" 439
"../../../Engine/Content/EngineMaterials/PreintegratedSkinBRDF.uasset" 440
"../../../Engine/Content/EngineMaterials/PreintegratedSkinBRDF.uexp" 441
"../../../Engine/Content/EngineMaterials/DefaultCalibrationGrayscale.uasset" 442
"../../../Engine/Content/EngineMaterials/DefaultCalibrationGrayscale.uexp" 443
"../../../Engine/Content/EngineMaterials/PPM_DefaultCalibrationGrayscale.uasset" 444
"../../../Engine/Content/EngineMaterials/PPM_DefaultCalibrationGrayscale.uexp" 445
"../../../Engine/Content/EngineMaterials/DefaultCalibrationColor.uasset" 446
"../../../Engine/Content/EngineMaterials/DefaultCalibrationColor.uexp" 447
"../../../Engine/Content/EngineMaterials/PPM_DefaultCalibrationColor.uasset" 448
"../../../Engine/Content/EngineMaterials/PPM_DefaultCalibrationColor.uexp" 449
"../../../Engine/Content/EngineMaterials/PhAT_JointLimitMaterial.uasset" 450
"../../../Engine/Content/EngineMaterials/PhAT_JointLimitMaterial.uexp" 451
"../../../Engine/Content/EngineMaterials/NaniteHiddenSectionMaterial.uasset" 452
"../../../Engine/Content/EngineMaterials/NaniteHiddenSectionMaterial.uexp" 453
"../../../Engine/Content/EngineMaterials/InvalidLightmapSettings.ubulk" 454
"../../../Engine/Content/EngineMaterials/InvalidLightmapSettings.uasset" 455
"../../../Engine/Content/EngineMaterials/InvalidLightmapSettings.uexp" 456
"../../../Engine/Content/EngineMaterials/M_InvalidLightmapSettings.uasset" 457
"../../../Engine/Content/EngineMaterials/M_InvalidLightmapSettings.uexp" 458
"../../../Engine/Content/EngineMaterials/MiniFont.uasset" 459
"../../../Engine/Content/EngineMaterials/MiniFont.uexp" 460
"../../../Engine/Content/EngineMaterials/GizmoMaterial.uasset" 461
"../../../Engine/Content/EngineMaterials/GizmoMaterial.uexp" 462
"../../../Engine/Content/EngineMaterials/BaseFlattenDiffuseMap_VT.uasset" 463
"../../../Engine/Content/EngineMaterials/BaseFlattenDiffuseMap_VT.uexp" 464
"../../../Engine/Content/EngineMaterials/BaseFlattenEmissiveMap_VT.uasset" 465
"../../../Engine/Content/EngineMaterials/BaseFlattenEmissiveMap_VT.uexp" 466
"../../../Engine/Content/EngineMaterials/BaseFlattenGrayscaleMap_VT.uasset" 467
"../../../Engine/Content/EngineMaterials/BaseFlattenGrayscaleMap_VT.uexp" 468
"../../../Engine/Content/EngineMaterials/BaseFlattenLinearColor_VT.uasset" 469
"../../../Engine/Content/EngineMaterials/BaseFlattenLinearColor_VT.uexp" 470
"../../../Engine/Content/EngineMaterials/BaseFlattenNormalMap_VT.uasset" 471
"../../../Engine/Content/EngineMaterials/BaseFlattenNormalMap_VT.uexp" 472
"../../../Engine/Content/EngineMaterials/Black_1x1_EXR_Texture_VT.uasset" 473
"../../../Engine/Content/EngineMaterials/Black_1x1_EXR_Texture_VT.uexp" 474
"../../../Engine/Content/EngineMaterials/FlattenMaterial_WS_Normal_VT.uasset" 475
"../../../Engine/Content/EngineMaterials/FlattenMaterial_WS_Normal_VT.uexp" 476
"../../../Engine/Content/EngineMaterials/FlattenMaterial_VT.uasset" 477
"../../../Engine/Content/EngineMaterials/FlattenMaterial_VT.uexp" 478
"../../../Engine/Content/EngineMaterials/BaseFlattenNormalMap.uasset" 479
"../../../Engine/Content/EngineMaterials/BaseFlattenNormalMap.uexp" 480
"../../../Engine/Content/EngineMaterials/BaseFlattenDiffuseMap.uasset" 481
"../../../Engine/Content/EngineMaterials/BaseFlattenDiffuseMap.uexp" 482
"../../../Engine/Content/EngineMaterials/BaseFlattenEmissiveMap.uasset" 483
"../../../Engine/Content/EngineMaterials/BaseFlattenEmissiveMap.uexp" 484
"../../../Engine/Content/EngineMaterials/BaseFlattenGrayscaleMap.uasset" 485
"../../../Engine/Content/EngineMaterials/BaseFlattenGrayscaleMap.uexp" 486
"../../../Engine/Content/EngineMaterials/BaseFlattenLinearColor.uasset" 487
"../../../Engine/Content/EngineMaterials/BaseFlattenLinearColor.uexp" 488
"../../../Engine/Content/Functions/Engine_MaterialFunctions02/PivotPainter2/Black_1x1_EXR_Texture.uasset" 489
"../../../Engine/Content/Functions/Engine_MaterialFunctions02/PivotPainter2/Black_1x1_EXR_Texture.uexp" 490
"../../../Engine/Content/EngineMaterials/FlattenMaterial.uasset" 491
"../../../Engine/Content/EngineMaterials/FlattenMaterial.uexp" 492
"../../../Engine/Content/EngineMaterials/FastBlueNoise_vec2_128x128x64.uasset" 493
"../../../Engine/Content/EngineMaterials/FastBlueNoise_vec2_128x128x64.uexp" 494
"../../../Engine/Content/EngineMaterials/FastBlueNoise_scalar_128x128x8.uasset" 495
"../../../Engine/Content/EngineMaterials/FastBlueNoise_scalar_128x128x8.uexp" 496
"../../../Engine/Content/EngineMaterials/FastBlueNoise_scalar_128x128x64.uasset" 497
"../../../Engine/Content/EngineMaterials/FastBlueNoise_scalar_128x128x64.uexp" 498
"../../../Engine/Content/EngineMaterials/DefaultWhiteGrid_Low.uasset" 499
"../../../Engine/Content/EngineMaterials/DefaultWhiteGrid_Low.uexp" 500
"../../../Engine/Content/EngineMaterials/EmissiveMeshMaterial.uasset" 501
"../../../Engine/Content/EngineMaterials/EmissiveMeshMaterial.uexp" 502
"../../../Engine/Content/EngineMaterials/DefaultWhiteGrid.ubulk" 503
"../../../Engine/Content/EngineMaterials/DefaultWhiteGrid.uasset" 504
"../../../Engine/Content/EngineMaterials/DefaultWhiteGrid.uexp" 505
"../../../Engine/Content/EngineFonts/RobotoDistanceField.uasset" 506
"../../../Engine/Content/EngineFonts/RobotoDistanceField.uexp" 507
"../../../Engine/Content/EngineMaterials/DefaultTextMaterialOpaque.uasset" 508
"../../../Engine/Content/EngineMaterials/DefaultTextMaterialOpaque.uexp" 509
"../../../Engine/Content/EngineMaterials/DefaultPostProcessMaterial.uasset" 510
"../../../Engine/Content/EngineMaterials/DefaultPostProcessMaterial.uexp" 511
"../../../Engine/Content/EngineMaterials/DefaultLightFunctionMaterial.uasset" 512
"../../../Engine/Content/EngineMaterials/DefaultLightFunctionMaterial.uexp" 513
"../../../Engine/Content/EngineMaterials/DefaultDeferredDecalMaterial.uasset" 514
"../../../Engine/Content/EngineMaterials/DefaultDeferredDecalMaterial.uexp" 515
"../../../Engine/Content/EngineMaterials/DefaultBokeh.uasset" 516
"../../../Engine/Content/EngineMaterials/DefaultBokeh.uexp" 517
"../../../Engine/Content/EngineMaterials/DefaultBloomKernel.uasset" 518
"../../../Engine/Content/EngineMaterials/DefaultBloomKernel.uexp" 519
"../../../Engine/Content/Functions/Engine_MaterialFunctions02/Utility/CameraDirectionVector.uasset" 520
"../../../Engine/Content/Functions/Engine_MaterialFunctions02/Utility/CameraDirectionVector.uexp" 521
"../../../Engine/Content/EngineDebugMaterials/VolumeToRender.uasset" 522
"../../../Engine/Content/EngineDebugMaterials/VolumeToRender.uexp" 523
"../../../Engine/Content/EngineDebugMaterials/M_VolumeRenderSphereTracePP.uasset" 524
"../../../Engine/Content/EngineDebugMaterials/M_VolumeRenderSphereTracePP.uexp" 525
"../../../Engine/Content/EngineDebugMaterials/M_SimpleUnlitTranslucent.uasset" 526
"../../../Engine/Content/EngineDebugMaterials/M_SimpleUnlitTranslucent.uexp" 527
"../../../Engine/Content/EngineDebugMaterials/DebugMeshMaterial.uasset" 528
"../../../Engine/Content/EngineDebugMaterials/DebugMeshMaterial.uexp" 529
"../../../Engine/Content/EngineDebugMaterials/DebugEditorMaterial.uasset" 530
"../../../Engine/Content/EngineDebugMaterials/DebugEditorMaterial.uexp" 531
"../../../Engine/Content/EngineDamageTypes/DmgTypeBP_Environmental.uasset" 532
"../../../Engine/Content/EngineDamageTypes/DmgTypeBP_Environmental.uexp" 533
"../../../Engine/Plugins/VirtualProduction/CameraCalibrationCore/Content/Materials/M_DefaultOddSquare.uasset" 534
"../../../Engine/Plugins/VirtualProduction/CameraCalibrationCore/Content/Materials/M_DefaultOddSquare.uexp" 535
"../../../Engine/Plugins/VirtualProduction/CameraCalibrationCore/Content/Materials/M_DefaultEvenSquare.uasset" 536
"../../../Engine/Plugins/VirtualProduction/CameraCalibrationCore/Content/Materials/M_DefaultEvenSquare.uexp" 537
"../../../Engine/Plugins/Runtime/HairStrands/Content/Materials/HairMeshesDefaultMaterial.uasset" 538
"../../../Engine/Plugins/Runtime/HairStrands/Content/Materials/HairMeshesDefaultMaterial.uexp" 539
"../../../Engine/Plugins/Runtime/HairStrands/Content/Materials/HairDefaultMaterial.uasset" 540
"../../../Engine/Plugins/Runtime/HairStrands/Content/Materials/HairDefaultMaterial.uexp" 541
"../../../Engine/Content/Functions/Engine_MaterialFunctions02/Utility/MakeFloat2.uasset" 542
"../../../Engine/Content/Functions/Engine_MaterialFunctions02/Utility/MakeFloat2.uexp" 543
"../../../Engine/Content/EngineMaterials/HairDebugColor.uasset" 544
"../../../Engine/Content/EngineMaterials/HairDebugColor.uexp" 545
"../../../Engine/Content/EngineMaterials/HairColorMap.uasset" 546
"../../../Engine/Content/EngineMaterials/HairColorMap.uexp" 547
"../../../Engine/Plugins/Runtime/HairStrands/Content/Materials/HairGroupColors.uasset" 548
"../../../Engine/Plugins/Runtime/HairStrands/Content/Materials/HairGroupColors.uexp" 549
"../../../Engine/Plugins/Runtime/HairStrands/Content/Materials/HairDebugMaterial.uasset" 550
"../../../Engine/Plugins/Runtime/HairStrands/Content/Materials/HairDebugMaterial.uexp" 551
"../../../Engine/Plugins/Runtime/HairStrands/Content/Materials/HairCardsDefaultMaterial.uasset" 552
"../../../Engine/Plugins/Runtime/HairStrands/Content/Materials/HairCardsDefaultMaterial.uexp" 553
"../../../Engine/Plugins/Runtime/AudioWidgets/Content/Resources/ScrubHandleDown_Clamped.uasset" 554
"../../../Engine/Plugins/Runtime/AudioWidgets/Content/Resources/ScrubHandleDown_Clamped.uexp" 555
"../../../Engine/Plugins/Interchange/Assets/Content/Functions/MX_UsdPreviewSurface.uasset" 556
"../../../Engine/Plugins/Interchange/Assets/Content/Functions/MX_UsdPreviewSurface.uexp" 557
"../../../Engine/Plugins/Interchange/Assets/Content/Functions/MX_UniformEDF.uasset" 558
"../../../Engine/Plugins/Interchange/Assets/Content/Functions/MX_UniformEDF.uexp" 559
"../../../Engine/Plugins/Interchange/Assets/Content/Functions/MX_TranslucentBSDF.uasset" 560
"../../../Engine/Plugins/Interchange/Assets/Content/Functions/MX_TranslucentBSDF.uexp" 561
"../../../Engine/Plugins/Interchange/Assets/Content/Functions/MX_ThinFilmBSDF.uasset" 562
"../../../Engine/Plugins/Interchange/Assets/Content/Functions/MX_ThinFilmBSDF.uexp" 563
"../../../Engine/Plugins/Interchange/Assets/Content/Functions/MX_SurfaceUnlit.uasset" 564
"../../../Engine/Plugins/Interchange/Assets/Content/Functions/MX_SurfaceUnlit.uexp" 565
"../../../Engine/Plugins/Interchange/Assets/Content/Functions/MX_Surface.uasset" 566
"../../../Engine/Plugins/Interchange/Assets/Content/Functions/MX_Surface.uexp" 567
"../../../Engine/Plugins/Interchange/Assets/Content/Functions/MX_SubsurfaceBSDF.uasset" 568
"../../../Engine/Plugins/Interchange/Assets/Content/Functions/MX_SubsurfaceBSDF.uexp" 569
"../../../Engine/Plugins/Interchange/Assets/Content/Functions/MX_SheenBSDF.uasset" 570
"../../../Engine/Plugins/Interchange/Assets/Content/Functions/MX_SheenBSDF.uexp" 571
"../../../Engine/Plugins/Interchange/Assets/Content/Functions/MX_OrenNayarBSDF.uasset" 572
"../../../Engine/Plugins/Interchange/Assets/Content/Functions/MX_OrenNayarBSDF.uexp" 573
"../../../Engine/Plugins/Interchange/Assets/Content/Functions/MF_IridescenceNoLUT.uasset" 574
"../../../Engine/Plugins/Interchange/Assets/Content/Functions/MF_IridescenceNoLUT.uexp" 575
"../../../Engine/Plugins/Interchange/Assets/Content/Functions/MX_StandardSurface.uasset" 576
"../../../Engine/Plugins/Interchange/Assets/Content/Functions/MX_StandardSurface.uexp" 577
"../../../Engine/Plugins/Interchange/Assets/Content/Functions/MX_TransmissionSurface.uasset" 578
"../../../Engine/Plugins/Interchange/Assets/Content/Functions/MX_TransmissionSurface.uexp" 579
"../../../Engine/Plugins/Interchange/Assets/Content/Functions/MX_OpenPBR_Translucent.uasset" 580
"../../../Engine/Plugins/Interchange/Assets/Content/Functions/MX_OpenPBR_Translucent.uexp" 581
"../../../Engine/Plugins/Interchange/Assets/Content/Functions/MX_OpenPBR_Opaque.uasset" 582
"../../../Engine/Plugins/Interchange/Assets/Content/Functions/MX_OpenPBR_Opaque.uexp" 583
"../../../Engine/Plugins/Interchange/Assets/Content/Functions/MX_MeasuredEDF.uasset" 584
"../../../Engine/Plugins/Interchange/Assets/Content/Functions/MX_MeasuredEDF.uexp" 585
"../../../Engine/Plugins/Interchange/Assets/Content/Functions/MX_GeneralizedSchlickBSDF.uasset" 586
"../../../Engine/Plugins/Interchange/Assets/Content/Functions/MX_GeneralizedSchlickBSDF.uexp" 587
"../../../Engine/Plugins/Interchange/Assets/Content/Functions/MX_Displacement.uasset" 588
"../../../Engine/Plugins/Interchange/Assets/Content/Functions/MX_Displacement.uexp" 589
"../../../Engine/Plugins/Interchange/Assets/Content/Functions/MX_DielectricBSDF.uasset" 590
"../../../Engine/Plugins/Interchange/Assets/Content/Functions/MX_DielectricBSDF.uexp" 591
"../../../Engine/Plugins/Interchange/Assets/Content/Functions/MX_ConicalEDF.uasset" 592
"../../../Engine/Plugins/Interchange/Assets/Content/Functions/MX_ConicalEDF.uexp" 593
"../../../Engine/Plugins/Interchange/Assets/Content/Functions/MX_ConductorBSDF.uasset" 594
"../../../Engine/Plugins/Interchange/Assets/Content/Functions/MX_ConductorBSDF.uexp" 595
"../../../Engine/Plugins/Interchange/Assets/Content/Functions/MX_BurleyDiffuseBSDF.uasset" 596
"../../../Engine/Plugins/Interchange/Assets/Content/Functions/MX_BurleyDiffuseBSDF.uexp" 597
"../../../Engine/Plugins/Interchange/Assets/Content/Functions/MX_AnisotropicVDF.uasset" 598
"../../../Engine/Plugins/Interchange/Assets/Content/Functions/MX_AnisotropicVDF.uexp" 599
"../../../Engine/Plugins/Interchange/Assets/Content/Functions/MX_AbsorptionVDF.uasset" 600
"../../../Engine/Plugins/Interchange/Assets/Content/Functions/MX_AbsorptionVDF.uexp" 601
"../../../Engine/Content/EditorMaterials/Camera/CineMat.uasset" 602
"../../../Engine/Content/EditorMaterials/Camera/CineMat.uexp" 603
"../../../Engine/Content/EditorMaterials/Camera/MI_CineMat_Rig.uasset" 604
"../../../Engine/Content/EditorMaterials/Camera/MI_CineMat_Rig.uexp" 605
"../../../Engine/Content/EditorMeshes/Camera/SM_RailRig_Track.ubulk" 606
"../../../Engine/Content/EditorMeshes/Camera/SM_RailRig_Track.uasset" 607
"../../../Engine/Content/EditorMeshes/Camera/SM_RailRig_Track.uexp" 608
"../../../Engine/Content/EditorMeshes/Camera/SM_RailRig_Mount.ubulk" 609
"../../../Engine/Content/EditorMeshes/Camera/SM_RailRig_Mount.uasset" 610
"../../../Engine/Content/EditorMeshes/Camera/SM_RailRig_Mount.uexp" 611
"../../../Engine/Content/EditorMeshes/Camera/SM_CraneRig_Mount.ubulk" 612
"../../../Engine/Content/EditorMeshes/Camera/SM_CraneRig_Mount.uasset" 613
"../../../Engine/Content/EditorMeshes/Camera/SM_CraneRig_Mount.uexp" 614
"../../../Engine/Content/EditorMeshes/Camera/SM_CraneRig_Body.ubulk" 615
"../../../Engine/Content/EditorMeshes/Camera/SM_CraneRig_Body.uasset" 616
"../../../Engine/Content/EditorMeshes/Camera/SM_CraneRig_Body.uexp" 617
"../../../Engine/Content/EditorMeshes/Camera/SM_CraneRig_Base.ubulk" 618
"../../../Engine/Content/EditorMeshes/Camera/SM_CraneRig_Base.uasset" 619
"../../../Engine/Content/EditorMeshes/Camera/SM_CraneRig_Base.uexp" 620
"../../../Engine/Content/EditorMeshes/Camera/SM_CraneRig_Arm.ubulk" 621
"../../../Engine/Content/EditorMeshes/Camera/SM_CraneRig_Arm.uasset" 622
"../../../Engine/Content/EditorMeshes/Camera/SM_CraneRig_Arm.uexp" 623
"../../../Engine/Content/EditorMaterials/ParticleSystems/PSysThumbnail_OOD.ubulk" 624
"../../../Engine/Content/EditorMaterials/ParticleSystems/PSysThumbnail_OOD.uasset" 625
"../../../Engine/Content/EditorMaterials/ParticleSystems/PSysThumbnail_OOD.uexp" 626
"../../../Engine/Content/EditorMaterials/ParticleSystems/PSysThumbnail_NoImage.ubulk" 627
"../../../Engine/Content/EditorMaterials/ParticleSystems/PSysThumbnail_NoImage.uasset" 628
"../../../Engine/Content/EditorMaterials/ParticleSystems/PSysThumbnail_NoImage.uexp" 629
"../../../Engine/Content/EditorMaterials/Dataflow/DataflowVertexMaterial.uasset" 630
"../../../Engine/Content/EditorMaterials/Dataflow/DataflowVertexMaterial.uexp" 631
"../../../Engine/Content/EditorMaterials/Dataflow/DataflowTwoSidedVertexMaterial.uasset" 632
"../../../Engine/Content/EditorMaterials/Dataflow/DataflowTwoSidedVertexMaterial.uexp" 633
"../../../Engine/Content/VREditor/TransformGizmo/Xray.uasset" 634
"../../../Engine/Content/VREditor/TransformGizmo/Xray.uexp" 635
"../../../Engine/Content/VREditor/TransformGizmo/Main.uasset" 636
"../../../Engine/Content/VREditor/TransformGizmo/Main.uexp" 637
"../../../Engine/Content/VREditor/TransformGizmo/SM_Sequencer_Node.ubulk" 638
"../../../Engine/Content/VREditor/TransformGizmo/SM_Sequencer_Node.uasset" 639
"../../../Engine/Content/VREditor/TransformGizmo/SM_Sequencer_Node.uexp" 640
"../../../Engine/Content/VREditor/TransformGizmo/TranslucentTransformGizmoMaterial.uasset" 641
"../../../Engine/Content/VREditor/TransformGizmo/TranslucentTransformGizmoMaterial.uexp" 642
"../../../Engine/Content/VREditor/LaserPointer/VR_LaserPower_01.ubulk" 643
"../../../Engine/Content/VREditor/LaserPointer/VR_LaserPower_01.uasset" 644
"../../../Engine/Content/VREditor/LaserPointer/VR_LaserPower_01.uexp" 645
"../../../Engine/Content/VREditor/TransformGizmo/TransformGizmoMaterial.uasset" 646
"../../../Engine/Content/VREditor/TransformGizmo/TransformGizmoMaterial.uexp" 647
"../../../Engine/Content/VREditor/TransformGizmo/BoundingBoxEdge.ubulk" 648
"../../../Engine/Content/VREditor/TransformGizmo/BoundingBoxEdge.uasset" 649
"../../../Engine/Content/VREditor/TransformGizmo/BoundingBoxEdge.uexp" 650
"../../../Engine/Content/VREditor/TransformGizmo/BoundingBoxCorner.ubulk" 651
"../../../Engine/Content/VREditor/TransformGizmo/BoundingBoxCorner.uasset" 652
"../../../Engine/Content/VREditor/TransformGizmo/BoundingBoxCorner.uexp" 653
"../../../Engine/Content/EngineResources/FilmGrains/Marcie_Grain_v3_128_M2_000.uasset" 654
"../../../Engine/Content/EngineResources/FilmGrains/Marcie_Grain_v3_128_M2_000.uexp" 655
"../../../Engine/Content/EngineResources/Development/ZenLogo_64.uasset" 656
"../../../Engine/Content/EngineResources/Development/ZenLogo_64.uexp" 657
"../../../Engine/Content/EngineMaterials/LTC/Sheen_LTC.uasset" 658
"../../../Engine/Content/EngineMaterials/LTC/Sheen_LTC.uexp" 659
"../../../Engine/Content/EngineMaterials/LTC/GGX_LTCMat.uasset" 660
"../../../Engine/Content/EngineMaterials/LTC/GGX_LTCMat.uexp" 661
"../../../Engine/Content/EngineMaterials/LTC/GGX_LTCAmp.uasset" 662
"../../../Engine/Content/EngineMaterials/LTC/GGX_LTCAmp.uexp" 663
"../../../Engine/Content/EngineMaterials/EnergyConservation/Sheen_Energy.uasset" 664
"../../../Engine/Content/EngineMaterials/EnergyConservation/Sheen_Energy.uexp" 665
"../../../Engine/Content/EngineMaterials/EnergyConservation/SheenLegacy_Energy.uasset" 666
"../../../Engine/Content/EngineMaterials/EnergyConservation/SheenLegacy_Energy.uexp" 667
"../../../Engine/Content/EngineMaterials/EnergyConservation/GGX_TransmissionEnergyArray.uasset" 668
"../../../Engine/Content/EngineMaterials/EnergyConservation/GGX_TransmissionEnergyArray.uexp" 669
"../../../Engine/Content/EngineMaterials/EnergyConservation/GGX_ReflectionEnergy.uasset" 670
"../../../Engine/Content/EngineMaterials/EnergyConservation/GGX_ReflectionEnergy.uexp" 671
"../../../Engine/Content/EngineMaterials/EnergyConservation/Diffuse_Energy.uasset" 672
"../../../Engine/Content/EngineMaterials/EnergyConservation/Diffuse_Energy.uexp" 673
"../../../Engine/Content/EditorResources/SequenceRecorder/RecordingIndicator.uasset" 674
"../../../Engine/Content/EditorResources/SequenceRecorder/RecordingIndicator.uexp" 675
"../../../Engine/Content/EditorResources/SequenceRecorder/Countdown.uasset" 676
"../../../Engine/Content/EditorResources/SequenceRecorder/Countdown.uexp" 677
"../../../Engine/Plugins/Interchange/Assets/Content/gltf/Textures/T_White_srgb.uasset" 678
"../../../Engine/Plugins/Interchange/Assets/Content/gltf/Textures/T_White_srgb.uexp" 679
"../../../Engine/Plugins/Interchange/Assets/Content/gltf/MaterialFunctions/MF_BaseColor.uasset" 680
"../../../Engine/Plugins/Interchange/Assets/Content/gltf/MaterialFunctions/MF_BaseColor.uexp" 681
"../../../Engine/Plugins/Interchange/Assets/Content/gltf/MaterialFunctions/MF_RotateV2.uasset" 682
"../../../Engine/Plugins/Interchange/Assets/Content/gltf/MaterialFunctions/MF_RotateV2.uexp" 683
"../../../Engine/Plugins/Interchange/Assets/Content/gltf/MaterialFunctions/MF_TransformUVs.uasset" 684
"../../../Engine/Plugins/Interchange/Assets/Content/gltf/MaterialFunctions/MF_TransformUVs.uexp" 685
"../../../Engine/Plugins/Interchange/Assets/Content/gltf/MaterialBodies/MF_Unlit_Body.uasset" 686
"../../../Engine/Plugins/Interchange/Assets/Content/gltf/MaterialBodies/MF_Unlit_Body.uexp" 687
"../../../Engine/Plugins/Interchange/Assets/Content/gltf/M_Unlit.uasset" 688
"../../../Engine/Plugins/Interchange/Assets/Content/gltf/M_Unlit.uexp" 689
"../../../Engine/Plugins/Interchange/Assets/Content/gltf/MaterialInstances/MI_Unlit_Opaque_DS.uasset" 690
"../../../Engine/Plugins/Interchange/Assets/Content/gltf/MaterialInstances/MI_Unlit_Opaque_DS.uexp" 691
"../../../Engine/Plugins/Interchange/Assets/Content/gltf/MaterialInstances/MI_Unlit_Opaque.uasset" 692
"../../../Engine/Plugins/Interchange/Assets/Content/gltf/MaterialInstances/MI_Unlit_Opaque.uexp" 693
"../../../Engine/Plugins/Interchange/Assets/Content/gltf/MaterialInstances/MI_Unlit_Mask_DS.uasset" 694
"../../../Engine/Plugins/Interchange/Assets/Content/gltf/MaterialInstances/MI_Unlit_Mask_DS.uexp" 695
"../../../Engine/Plugins/Interchange/Assets/Content/gltf/MaterialInstances/MI_Unlit_Mask.uasset" 696
"../../../Engine/Plugins/Interchange/Assets/Content/gltf/MaterialInstances/MI_Unlit_Mask.uexp" 697
"../../../Engine/Plugins/Interchange/Assets/Content/gltf/MaterialInstances/MI_Unlit_Blend_DS.uasset" 698
"../../../Engine/Plugins/Interchange/Assets/Content/gltf/MaterialInstances/MI_Unlit_Blend_DS.uexp" 699
"../../../Engine/Plugins/Interchange/Assets/Content/gltf/MaterialInstances/MI_Unlit_Blend.uasset" 700
"../../../Engine/Plugins/Interchange/Assets/Content/gltf/MaterialInstances/MI_Unlit_Blend.uexp" 701
"../../../Engine/Content/EngineMaterials/Good64x64TilingNoiseHighFreq.uasset" 702
"../../../Engine/Content/EngineMaterials/Good64x64TilingNoiseHighFreq.uexp" 703
"../../../Engine/Content/Functions/Engine_MaterialFunctions02/Texturing/ScreenAlignedPixelToPixelUVs.uasset" 704
"../../../Engine/Content/Functions/Engine_MaterialFunctions02/Texturing/ScreenAlignedPixelToPixelUVs.uexp" 705
"../../../Engine/Plugins/Interchange/Assets/Content/Utilities/New_LUT.uasset" 706
"../../../Engine/Plugins/Interchange/Assets/Content/Utilities/New_LUT.uexp" 707
"../../../Engine/Content/Functions/Engine_MaterialFunctions03/Math/RemapValueRange.uasset" 708
"../../../Engine/Content/Functions/Engine_MaterialFunctions03/Math/RemapValueRange.uexp" 709
"../../../Engine/Plugins/Interchange/Assets/Content/Functions/MF_Iridescence.uasset" 710
"../../../Engine/Plugins/Interchange/Assets/Content/Functions/MF_Iridescence.uexp" 711
"../../../Engine/Plugins/Interchange/Assets/Content/gltf/MaterialFunctions/MF_Fresnel_DS.uasset" 712
"../../../Engine/Plugins/Interchange/Assets/Content/gltf/MaterialFunctions/MF_Fresnel_DS.uexp" 713
"../../../Engine/Plugins/Interchange/Assets/Content/gltf/MaterialFunctions/MF_IOR.uasset" 714
"../../../Engine/Plugins/Interchange/Assets/Content/gltf/MaterialFunctions/MF_IOR.uexp" 715
"../../../Engine/Plugins/Interchange/Assets/Content/gltf/MaterialFunctions/MF_Iridescence.uasset" 716
"../../../Engine/Plugins/Interchange/Assets/Content/gltf/MaterialFunctions/MF_Iridescence.uexp" 717
"../../../Engine/Plugins/Interchange/Assets/Content/gltf/Textures/T_White_Linear.uasset" 718
"../../../Engine/Plugins/Interchange/Assets/Content/gltf/Textures/T_White_Linear.uexp" 719
"../../../Engine/Plugins/Interchange/Assets/Content/gltf/MaterialFunctions/MF_MetallicRoughness.uasset" 720
"../../../Engine/Plugins/Interchange/Assets/Content/gltf/MaterialFunctions/MF_MetallicRoughness.uexp" 721
"../../../Engine/Content/Functions/Engine_MaterialFunctions02/Math/Transform3x3Matrix.uasset" 722
"../../../Engine/Content/Functions/Engine_MaterialFunctions02/Math/Transform3x3Matrix.uexp" 723
"../../../Engine/Plugins/Interchange/Assets/Content/gltf/MaterialFunctions/MF_RotateNormals_TS.uasset" 724
"../../../Engine/Plugins/Interchange/Assets/Content/gltf/MaterialFunctions/MF_RotateNormals_TS.uexp" 725
"../../../Engine/Plugins/Interchange/Assets/Content/gltf/MaterialFunctions/MF_ScaleNormal.uasset" 726
"../../../Engine/Plugins/Interchange/Assets/Content/gltf/MaterialFunctions/MF_ScaleNormal.uexp" 727
"../../../Engine/Plugins/Interchange/Assets/Content/gltf/Textures/T_Generic_N.uasset" 728
"../../../Engine/Plugins/Interchange/Assets/Content/gltf/Textures/T_Generic_N.uexp" 729
"../../../Engine/Plugins/Interchange/Assets/Content/gltf/MaterialFunctions/MF_Normals.uasset" 730
"../../../Engine/Plugins/Interchange/Assets/Content/gltf/MaterialFunctions/MF_Normals.uexp" 731
"../../../Engine/Plugins/Interchange/Assets/Content/gltf/MaterialFunctions/MF_Occlusion.uasset" 732
"../../../Engine/Plugins/Interchange/Assets/Content/gltf/MaterialFunctions/MF_Occlusion.uexp" 733
"../../../Engine/Plugins/Interchange/Assets/Content/gltf/MaterialFunctions/MF_Specular.uasset" 734
"../../../Engine/Plugins/Interchange/Assets/Content/gltf/MaterialFunctions/MF_Specular.uexp" 735
"../../../Engine/Plugins/Interchange/Assets/Content/gltf/Textures/T_Anisotropy_Direction_Linear.uasset" 736
"../../../Engine/Plugins/Interchange/Assets/Content/gltf/Textures/T_Anisotropy_Direction_Linear.uexp" 737
"../../../Engine/Plugins/Interchange/Assets/Content/gltf/MaterialFunctions/MF_SpecularAnisotropy.uasset" 738
"../../../Engine/Plugins/Interchange/Assets/Content/gltf/MaterialFunctions/MF_SpecularAnisotropy.uexp" 739
"../../../Engine/Plugins/Interchange/Assets/Content/gltf/MaterialFunctions/MF_Temporal_Blur.uasset" 740
"../../../Engine/Plugins/Interchange/Assets/Content/gltf/MaterialFunctions/MF_Temporal_Blur.uexp" 741
"../../../Engine/Plugins/Interchange/Assets/Content/gltf/MaterialFunctions/MF_Transmission.uasset" 742
"../../../Engine/Plugins/Interchange/Assets/Content/gltf/MaterialFunctions/MF_Transmission.uexp" 743
"../../../Engine/Plugins/Interchange/Assets/Content/gltf/MaterialBodies/MF_Transmission_Body.uasset" 744
"../../../Engine/Plugins/Interchange/Assets/Content/gltf/MaterialBodies/MF_Transmission_Body.uexp" 745
"../../../Engine/Plugins/Interchange/Assets/Content/gltf/M_Transmission.uasset" 746
"../../../Engine/Plugins/Interchange/Assets/Content/gltf/M_Transmission.uexp" 747
"../../../Engine/Plugins/Interchange/Assets/Content/gltf/MaterialInstances/MI_Transmission_DS.uasset" 748
"../../../Engine/Plugins/Interchange/Assets/Content/gltf/MaterialInstances/MI_Transmission_DS.uexp" 749
"../../../Engine/Plugins/Interchange/Assets/Content/gltf/MaterialInstances/MI_Transmission.uasset" 750
"../../../Engine/Plugins/Interchange/Assets/Content/gltf/MaterialInstances/MI_Transmission.uexp" 751
"../../../Engine/Content/Functions/Engine_MaterialFunctions02/Math/AddComponents.uasset" 752
"../../../Engine/Content/Functions/Engine_MaterialFunctions02/Math/AddComponents.uexp" 753
"../../../Engine/Plugins/Interchange/Assets/Content/gltf/MaterialFunctions/MF_DiffuseSpecGloss.uasset" 754
"../../../Engine/Plugins/Interchange/Assets/Content/gltf/MaterialFunctions/MF_DiffuseSpecGloss.uexp" 755
"../../../Engine/Plugins/Interchange/Assets/Content/gltf/MaterialFunctions/MF_Emissive.uasset" 756
"../../../Engine/Plugins/Interchange/Assets/Content/gltf/MaterialFunctions/MF_Emissive.uexp" 757
"../../../Engine/Plugins/Interchange/Assets/Content/gltf/MaterialFunctions/MF_MaxComponentValue.uasset" 758
"../../../Engine/Plugins/Interchange/Assets/Content/gltf/MaterialFunctions/MF_MaxComponentValue.uexp" 759
"../../../Engine/Plugins/Interchange/Assets/Content/gltf/MaterialFunctions/MF_PerceivedBrightness.uasset" 760
"../../../Engine/Plugins/Interchange/Assets/Content/gltf/MaterialFunctions/MF_PerceivedBrightness.uexp" 761
"../../../Engine/Plugins/Interchange/Assets/Content/gltf/MaterialFunctions/MF_SpecGlossToMetalRoughness.uasset" 762
"../../../Engine/Plugins/Interchange/Assets/Content/gltf/MaterialFunctions/MF_SpecGlossToMetalRoughness.uexp" 763
"../../../Engine/Plugins/Interchange/Assets/Content/gltf/MaterialBodies/MF_SpecularGlossiness_Body.uasset" 764
"../../../Engine/Plugins/Interchange/Assets/Content/gltf/MaterialBodies/MF_SpecularGlossiness_Body.uexp" 765
"../../../Engine/Plugins/Interchange/Assets/Content/gltf/M_SpecularGlossiness.uasset" 766
"../../../Engine/Plugins/Interchange/Assets/Content/gltf/M_SpecularGlossiness.uexp" 767
"../../../Engine/Plugins/Interchange/Assets/Content/gltf/MaterialInstances/MI_SpecularGlossiness_Opaque_DS.uasset" 768
"../../../Engine/Plugins/Interchange/Assets/Content/gltf/MaterialInstances/MI_SpecularGlossiness_Opaque_DS.uexp" 769
"../../../Engine/Plugins/Interchange/Assets/Content/gltf/MaterialInstances/MI_SpecularGlossiness_Opaque.uasset" 770
"../../../Engine/Plugins/Interchange/Assets/Content/gltf/MaterialInstances/MI_SpecularGlossiness_Opaque.uexp" 771
"../../../Engine/Plugins/Interchange/Assets/Content/gltf/MaterialInstances/MI_SpecularGlossiness_Mask_DS.uasset" 772
"../../../Engine/Plugins/Interchange/Assets/Content/gltf/MaterialInstances/MI_SpecularGlossiness_Mask_DS.uexp" 773
"../../../Engine/Plugins/Interchange/Assets/Content/gltf/MaterialInstances/MI_SpecularGlossiness_Mask.uasset" 774
"../../../Engine/Plugins/Interchange/Assets/Content/gltf/MaterialInstances/MI_SpecularGlossiness_Mask.uexp" 775
"../../../Engine/Plugins/Interchange/Assets/Content/gltf/MaterialInstances/MI_SpecularGlossiness_Blend_DS.uasset" 776
"../../../Engine/Plugins/Interchange/Assets/Content/gltf/MaterialInstances/MI_SpecularGlossiness_Blend_DS.uexp" 777
"../../../Engine/Plugins/Interchange/Assets/Content/gltf/MaterialInstances/MI_SpecularGlossiness_Blend.uasset" 778
"../../../Engine/Plugins/Interchange/Assets/Content/gltf/MaterialInstances/MI_SpecularGlossiness_Blend.uexp" 779
"../../../Engine/Plugins/Interchange/Assets/Content/gltf/MaterialFunctions/MF_Sheen.uasset" 780
"../../../Engine/Plugins/Interchange/Assets/Content/gltf/MaterialFunctions/MF_Sheen.uexp" 781
"../../../Engine/Plugins/Interchange/Assets/Content/gltf/MaterialBodies/MF_Sheen_Body.uasset" 782
"../../../Engine/Plugins/Interchange/Assets/Content/gltf/MaterialBodies/MF_Sheen_Body.uexp" 783
"../../../Engine/Plugins/Interchange/Assets/Content/gltf/M_Sheen.uasset" 784
"../../../Engine/Plugins/Interchange/Assets/Content/gltf/M_Sheen.uexp" 785
"../../../Engine/Plugins/Interchange/Assets/Content/gltf/MaterialInstances/MI_Sheen_Opaque_DS.uasset" 786
"../../../Engine/Plugins/Interchange/Assets/Content/gltf/MaterialInstances/MI_Sheen_Opaque_DS.uexp" 787
"../../../Engine/Plugins/Interchange/Assets/Content/gltf/MaterialInstances/MI_Sheen_Opaque.uasset" 788
"../../../Engine/Plugins/Interchange/Assets/Content/gltf/MaterialInstances/MI_Sheen_Opaque.uexp" 789
"../../../Engine/Plugins/Interchange/Assets/Content/gltf/MaterialInstances/MI_Sheen_Mask_DS.uasset" 790
"../../../Engine/Plugins/Interchange/Assets/Content/gltf/MaterialInstances/MI_Sheen_Mask_DS.uexp" 791
"../../../Engine/Plugins/Interchange/Assets/Content/gltf/MaterialInstances/MI_Sheen_Mask.uasset" 792
"../../../Engine/Plugins/Interchange/Assets/Content/gltf/MaterialInstances/MI_Sheen_Mask.uexp" 793
"../../../Engine/Plugins/Interchange/Assets/Content/gltf/MaterialInstances/MI_Sheen_Blend_DS.uasset" 794
"../../../Engine/Plugins/Interchange/Assets/Content/gltf/MaterialInstances/MI_Sheen_Blend_DS.uexp" 795
"../../../Engine/Plugins/Interchange/Assets/Content/gltf/MaterialInstances/MI_Sheen_Blend.uasset" 796
"../../../Engine/Plugins/Interchange/Assets/Content/gltf/MaterialInstances/MI_Sheen_Blend.uexp" 797
"../../../Engine/Plugins/Interchange/Assets/Content/gltf/MaterialBodies/MF_Default_Body.uasset" 798
"../../../Engine/Plugins/Interchange/Assets/Content/gltf/MaterialBodies/MF_Default_Body.uexp" 799
"../../../Engine/Plugins/Interchange/Assets/Content/gltf/M_Default.uasset" 800
"../../../Engine/Plugins/Interchange/Assets/Content/gltf/M_Default.uexp" 801
"../../../Engine/Plugins/Interchange/Assets/Content/gltf/MaterialInstances/MI_Default_Opaque_DS.uasset" 802
"../../../Engine/Plugins/Interchange/Assets/Content/gltf/MaterialInstances/MI_Default_Opaque_DS.uexp" 803
"../../../Engine/Plugins/Interchange/Assets/Content/gltf/MaterialInstances/MI_Default_Opaque.uasset" 804
"../../../Engine/Plugins/Interchange/Assets/Content/gltf/MaterialInstances/MI_Default_Opaque.uexp" 805
"../../../Engine/Plugins/Interchange/Assets/Content/gltf/MaterialInstances/MI_Default_Mask_DS.uasset" 806
"../../../Engine/Plugins/Interchange/Assets/Content/gltf/MaterialInstances/MI_Default_Mask_DS.uexp" 807
"../../../Engine/Plugins/Interchange/Assets/Content/gltf/MaterialInstances/MI_Default_Mask.uasset" 808
"../../../Engine/Plugins/Interchange/Assets/Content/gltf/MaterialInstances/MI_Default_Mask.uexp" 809
"../../../Engine/Plugins/Interchange/Assets/Content/gltf/MaterialInstances/MI_Default_Blend_DS.uasset" 810
"../../../Engine/Plugins/Interchange/Assets/Content/gltf/MaterialInstances/MI_Default_Blend_DS.uexp" 811
"../../../Engine/Plugins/Interchange/Assets/Content/gltf/MaterialInstances/MI_Default_Blend.uasset" 812
"../../../Engine/Plugins/Interchange/Assets/Content/gltf/MaterialInstances/MI_Default_Blend.uexp" 813
"../../../Engine/Content/Functions/Engine_MaterialFunctions01/Texturing/FlattenNormal.uasset" 814
"../../../Engine/Content/Functions/Engine_MaterialFunctions01/Texturing/FlattenNormal.uexp" 815
"../../../Engine/Plugins/Interchange/Assets/Content/gltf/MaterialFunctions/MF_Clearcoat.uasset" 816
"../../../Engine/Plugins/Interchange/Assets/Content/gltf/MaterialFunctions/MF_Clearcoat.uexp" 817
"../../../Engine/Plugins/Interchange/Assets/Content/gltf/MaterialBodies/MF_ClearCoat_Body.uasset" 818
"../../../Engine/Plugins/Interchange/Assets/Content/gltf/MaterialBodies/MF_ClearCoat_Body.uexp" 819
"../../../Engine/Plugins/Interchange/Assets/Content/gltf/M_ClearCoat.uasset" 820
"../../../Engine/Plugins/Interchange/Assets/Content/gltf/M_ClearCoat.uexp" 821
"../../../Engine/Plugins/Interchange/Assets/Content/gltf/MaterialInstances/MI_ClearCoat_Opaque_DS.uasset" 822
"../../../Engine/Plugins/Interchange/Assets/Content/gltf/MaterialInstances/MI_ClearCoat_Opaque_DS.uexp" 823
"../../../Engine/Plugins/Interchange/Assets/Content/gltf/MaterialInstances/MI_ClearCoat_Opaque.uasset" 824
"../../../Engine/Plugins/Interchange/Assets/Content/gltf/MaterialInstances/MI_ClearCoat_Opaque.uexp" 825
"../../../Engine/Plugins/Interchange/Assets/Content/gltf/MaterialInstances/MI_ClearCoat_Mask_DS.uasset" 826
"../../../Engine/Plugins/Interchange/Assets/Content/gltf/MaterialInstances/MI_ClearCoat_Mask_DS.uexp" 827
"../../../Engine/Plugins/Interchange/Assets/Content/gltf/MaterialInstances/MI_ClearCoat_Mask.uasset" 828
"../../../Engine/Plugins/Interchange/Assets/Content/gltf/MaterialInstances/MI_ClearCoat_Mask.uexp" 829
"../../../Engine/Plugins/Interchange/Assets/Content/gltf/MaterialInstances/MI_ClearCoat_Blend_DS.uasset" 830
"../../../Engine/Plugins/Interchange/Assets/Content/gltf/MaterialInstances/MI_ClearCoat_Blend_DS.uexp" 831
"../../../Engine/Plugins/Interchange/Assets/Content/gltf/MaterialInstances/MI_ClearCoat_Blend.uasset" 832
"../../../Engine/Plugins/Interchange/Assets/Content/gltf/MaterialInstances/MI_ClearCoat_Blend.uexp" 833
"../../../Engine/Content/EngineMaterials/Substrate/Volume/SubstrateSimpleVolumeLUT3D.uasset" 834
"../../../Engine/Content/EngineMaterials/Substrate/Volume/SubstrateSimpleVolumeLUT3D.uexp" 835
"../../../Engine/Content/EngineMaterials/Substrate/Volume/SubstrateSimpleVolumeEnvLUT3D.uasset" 836
"../../../Engine/Content/EngineMaterials/Substrate/Volume/SubstrateSimpleVolumeEnvLUT3D.uexp" 837
"../../../Engine/Content/EngineMaterials/Substrate/Glints2/AGlintTex2dArray2.uasset" 838
"../../../Engine/Content/EngineMaterials/Substrate/Glints2/AGlintTex2dArray2.uexp" 839
"../../../Engine/Content/EngineMaterials/Substrate/GLints/AGlintTex2dArray.uasset" 840
"../../../Engine/Content/EngineMaterials/Substrate/GLints/AGlintTex2dArray.uexp" 841
"../../../Engine/Content/ArtTools/RenderToTexture/Meshes/S_1_Unit_Plane.ubulk" 842
"../../../Engine/Content/ArtTools/RenderToTexture/Meshes/S_1_Unit_Plane.uasset" 843
"../../../Engine/Content/ArtTools/RenderToTexture/Meshes/S_1_Unit_Plane.uexp" 844
"../../../Engine/Content/Functions/Engine_MaterialFunctions01/Shading/PowerToRoughness.uasset" 845
"../../../Engine/Content/Functions/Engine_MaterialFunctions01/Shading/PowerToRoughness.uexp" 846
"../../../Engine/Content/Functions/Engine_MaterialFunctions01/Shading/ConvertFromDiffSpec.uasset" 847
"../../../Engine/Content/Functions/Engine_MaterialFunctions01/Shading/ConvertFromDiffSpec.uexp" 848
"../../../Engine/Content/EngineResources/LandscapeVisibilityLayerInfo.uasset" 849
"../../../Engine/Content/EngineResources/LandscapeVisibilityLayerInfo.uexp" 850
"../../../Engine/Plugins/2D/Paper2D/Content/DefaultSpriteMaterial.uasset" 851
"../../../Engine/Plugins/2D/Paper2D/Content/DefaultSpriteMaterial.uexp" 852
"../../../Engine/Plugins/2D/Paper2D/Content/MaskedUnlitSpriteMaterial.uasset" 853
"../../../Engine/Plugins/2D/Paper2D/Content/MaskedUnlitSpriteMaterial.uexp" 854
"../../../Engine/Plugins/2D/Paper2D/Content/OpaqueUnlitSpriteMaterial.uasset" 855
"../../../Engine/Plugins/2D/Paper2D/Content/OpaqueUnlitSpriteMaterial.uexp" 856
"../../../Engine/Plugins/NNE/NNEDenoiser/Content/NNE_oidn2-3-0_rt_hdr_alb_nrm_small__dyn__fp16_opset11_DenoiseAlpha.uasset" 857
"../../../Engine/Plugins/NNE/NNEDenoiser/Content/NNE_oidn2-3-0_rt_hdr_alb_nrm_small__dyn__fp16_opset11_DenoiseAlpha.uexp" 858
"../../../Engine/Plugins/NNE/NNEDenoiser/Content/NNE_oidn2-3-0_rt_hdr_alb_nrm_small__dyn__fp16_opset11_ForwardAlpha.uasset" 859
"../../../Engine/Plugins/NNE/NNEDenoiser/Content/NNE_oidn2-3-0_rt_hdr_alb_nrm_small__dyn__fp16_opset11_ForwardAlpha.uexp" 860
"../../../Engine/Plugins/NNE/NNEDenoiser/Content/NNE_oidn2-3-0_rt_hdr_alb_nrm__dyn__fp16_opset11_DenoiseAlpha.uasset" 861
"../../../Engine/Plugins/NNE/NNEDenoiser/Content/NNE_oidn2-3-0_rt_hdr_alb_nrm__dyn__fp16_opset11_DenoiseAlpha.uexp" 862
"../../../Engine/Plugins/NNE/NNEDenoiser/Content/NNE_oidn2-3-0_rt_hdr_alb_nrm__dyn__fp16_opset11_ForwardAlpha.uasset" 863
"../../../Engine/Plugins/NNE/NNEDenoiser/Content/NNE_oidn2-3-0_rt_hdr_alb_nrm__dyn__fp16_opset11_ForwardAlpha.uexp" 864
"../../../Engine/Plugins/NNE/NNEDenoiser/Content/NNE_oidn2-3-0_rt_hdr_calb_cnrm_large__dyn__fp16_opset11_DenoiseAlpha.uasset" 865
"../../../Engine/Plugins/NNE/NNEDenoiser/Content/NNE_oidn2-3-0_rt_hdr_calb_cnrm_large__dyn__fp16_opset11_DenoiseAlpha.uexp" 866
"../../../Engine/Plugins/NNE/NNEDenoiser/Content/NNE_oidn2-3-0_rt_hdr_calb_cnrm_large__dyn__fp16_opset11_ForwardAlpha.uasset" 867
"../../../Engine/Plugins/NNE/NNEDenoiser/Content/NNE_oidn2-3-0_rt_hdr_calb_cnrm_large__dyn__fp16_opset11_ForwardAlpha.uexp" 868
"../../../Engine/Content/VREditor/Sounds/UI/Drop_Item_From_ContentBrowser.ubulk" 869
"../../../Engine/Content/VREditor/Sounds/UI/Drop_Item_From_ContentBrowser.uasset" 870
"../../../Engine/Content/VREditor/Sounds/UI/Drop_Item_From_ContentBrowser.uexp" 871
"../../../Engine/Content/VREditor/TransformGizmo/TransformGizmoMaterial_Inst.uasset" 872
"../../../Engine/Content/VREditor/TransformGizmo/TransformGizmoMaterial_Inst.uexp" 873
"../../../Engine/Content/VREditor/TransformGizmo/TranslucentTransformGizmoMaterial_Inst.uasset" 874
"../../../Engine/Content/VREditor/TransformGizmo/TranslucentTransformGizmoMaterial_Inst.uexp" 875
"../../../Engine/Content/Functions/Engine_MaterialFunctions02/SplitComponents.uasset" 876
"../../../Engine/Content/Functions/Engine_MaterialFunctions02/SplitComponents.uexp" 877
"../../../Engine/Content/VREditor/SnapGrid/SnapGridMaterial.uasset" 878
"../../../Engine/Content/VREditor/SnapGrid/SnapGridMaterial.uexp" 879
"../../../Engine/Content/VREditor/SnapGrid/SnapGridPlaneMesh.ubulk" 880
"../../../Engine/Content/VREditor/SnapGrid/SnapGridPlaneMesh.uasset" 881
"../../../Engine/Content/VREditor/SnapGrid/SnapGridPlaneMesh.uexp" 882
"../../../Engine/Content/VREditor/Sounds/UI/Gizmo_Handle_Clicked.ubulk" 883
"../../../Engine/Content/VREditor/Sounds/UI/Gizmo_Handle_Clicked.uasset" 884
"../../../Engine/Content/VREditor/Sounds/UI/Gizmo_Handle_Clicked.uexp" 885
"../../../Engine/Content/VREditor/Sounds/UI/Object_PickUp.ubulk" 886
"../../../Engine/Content/VREditor/Sounds/UI/Object_PickUp.uasset" 887
"../../../Engine/Content/VREditor/Sounds/UI/Object_PickUp.uexp" 888
"../../../Engine/Content/VREditor/Sounds/UI/Object_Snaps_To_Another_Actor.ubulk" 889
"../../../Engine/Content/VREditor/Sounds/UI/Object_Snaps_To_Another_Actor.uasset" 890
"../../../Engine/Content/VREditor/Sounds/UI/Object_Snaps_To_Another_Actor.uexp" 891
"../../../Engine/Content/VREditor/Sounds/UI/Object_Snaps_To_Grid.ubulk" 892
"../../../Engine/Content/VREditor/Sounds/UI/Object_Snaps_To_Grid.uasset" 893
"../../../Engine/Content/VREditor/Sounds/UI/Object_Snaps_To_Grid.uexp" 894
"../../../Engine/Content/VREditor/Sounds/UI/Scaling_Down.ubulk" 895
"../../../Engine/Content/VREditor/Sounds/UI/Scaling_Down.uasset" 896
"../../../Engine/Content/VREditor/Sounds/UI/Scaling_Down.uexp" 897
"../../../Engine/Content/VREditor/Sounds/UI/Scaling_Up.ubulk" 898
"../../../Engine/Content/VREditor/Sounds/UI/Scaling_Up.uasset" 899
"../../../Engine/Content/VREditor/Sounds/UI/Scaling_Up.uexp" 900
"../../../Engine/Content/VREditor/Sounds/UI/Selection_Changes.ubulk" 901
"../../../Engine/Content/VREditor/Sounds/UI/Selection_Changes.uasset" 902
"../../../Engine/Content/VREditor/Sounds/UI/Selection_Changes.uexp" 903
"../../../Engine/Content/VREditor/TransformGizmo/PlaneTranslationHandle.ubulk" 904
"../../../Engine/Content/VREditor/TransformGizmo/PlaneTranslationHandle.uasset" 905
"../../../Engine/Content/VREditor/TransformGizmo/PlaneTranslationHandle.uexp" 906
"../../../Engine/Content/VREditor/TransformGizmo/RotationHandleFull.ubulk" 907
"../../../Engine/Content/VREditor/TransformGizmo/RotationHandleFull.uasset" 908
"../../../Engine/Content/VREditor/TransformGizmo/RotationHandleFull.uexp" 909
"../../../Engine/Content/VREditor/TransformGizmo/RotationHandleIndicator.ubulk" 910
"../../../Engine/Content/VREditor/TransformGizmo/RotationHandleIndicator.uasset" 911
"../../../Engine/Content/VREditor/TransformGizmo/RotationHandleIndicator.uexp" 912
"../../../Engine/Content/VREditor/TransformGizmo/RotationHandleQuarter.ubulk" 913
"../../../Engine/Content/VREditor/TransformGizmo/RotationHandleQuarter.uasset" 914
"../../../Engine/Content/VREditor/TransformGizmo/RotationHandleQuarter.uexp" 915
"../../../Engine/Content/VREditor/TransformGizmo/StartRotationHandleIndicator.ubulk" 916
"../../../Engine/Content/VREditor/TransformGizmo/StartRotationHandleIndicator.uasset" 917
"../../../Engine/Content/VREditor/TransformGizmo/StartRotationHandleIndicator.uexp" 918
"../../../Engine/Content/VREditor/TransformGizmo/TransformGizmoFreeRotation.ubulk" 919
"../../../Engine/Content/VREditor/TransformGizmo/TransformGizmoFreeRotation.uasset" 920
"../../../Engine/Content/VREditor/TransformGizmo/TransformGizmoFreeRotation.uexp" 921
"../../../Engine/Content/VREditor/TransformGizmo/TranslateArrowHandle.ubulk" 922
"../../../Engine/Content/VREditor/TransformGizmo/TranslateArrowHandle.uasset" 923
"../../../Engine/Content/VREditor/TransformGizmo/TranslateArrowHandle.uexp" 924
"../../../Engine/Content/VREditor/TransformGizmo/UniformScaleHandle.ubulk" 925
"../../../Engine/Content/VREditor/TransformGizmo/UniformScaleHandle.uasset" 926
"../../../Engine/Content/VREditor/TransformGizmo/UniformScaleHandle.uexp" 927
"../../../Engine/Plugins/Animation/DeformerGraph/Content/DeformerFunctions/DG_Function_LinearBlendSkin_Morph_Cloth.uasset" 928
"../../../Engine/Plugins/Animation/DeformerGraph/Content/DeformerFunctions/DG_Function_LinearBlendSkin_Morph_Cloth.uexp" 929
"../../../Engine/Plugins/Animation/DeformerGraph/Content/Deformers/DG_LinearBlendSkin_Morph_Cloth.uasset" 930
"../../../Engine/Plugins/Animation/DeformerGraph/Content/Deformers/DG_LinearBlendSkin_Morph_Cloth.uexp" 931
"../../../Engine/Plugins/Animation/DeformerGraph/Content/DeformerFunctions/DG_Function_LinearBlendSkin_Morph_Cloth_PositionOnly.uasset" 932
"../../../Engine/Plugins/Animation/DeformerGraph/Content/DeformerFunctions/DG_Function_LinearBlendSkin_Morph_Cloth_PositionOnly.uexp" 933
"../../../Engine/Plugins/Animation/DeformerGraph/Content/DeformerFunctions/DG_Function_ComputeNormalsTangents.uasset" 934
"../../../Engine/Plugins/Animation/DeformerGraph/Content/DeformerFunctions/DG_Function_ComputeNormalsTangents.uexp" 935
"../../../Engine/Plugins/Animation/DeformerGraph/Content/Deformers/DG_LinearBlendSkin_Morph_Cloth_RecomputeNormals.uasset" 936
"../../../Engine/Plugins/Animation/DeformerGraph/Content/Deformers/DG_LinearBlendSkin_Morph_Cloth_RecomputeNormals.uexp" 937
"../../../Engine/Plugins/NNE/NNEDenoiser/Content/NNEDT_Oidn2-3_Balanced.uasset" 938
"../../../Engine/Plugins/NNE/NNEDenoiser/Content/NNEDT_Oidn2-3_Balanced.uexp" 939
"../../../Engine/Plugins/NNE/NNEDenoiser/Content/NNEDT_Oidn2-3_Balanced_Alpha.uasset" 940
"../../../Engine/Plugins/NNE/NNEDenoiser/Content/NNEDT_Oidn2-3_Balanced_Alpha.uexp" 941
"../../../Engine/Plugins/NNE/NNEDenoiser/Content/NNED_Oidn2-3_Balanced.uasset" 942
"../../../Engine/Plugins/NNE/NNEDenoiser/Content/NNED_Oidn2-3_Balanced.uexp" 943
"../../../Engine/Plugins/NNE/NNEDenoiser/Content/NNED_Oidn2-3_Balanced_Alpha.uasset" 944
"../../../Engine/Plugins/NNE/NNEDenoiser/Content/NNED_Oidn2-3_Balanced_Alpha.uexp" 945
"../../../Engine/Plugins/NNE/NNEDenoiser/Content/NNED_Oidn2-3_Fast.uasset" 946
"../../../Engine/Plugins/NNE/NNEDenoiser/Content/NNED_Oidn2-3_Fast.uexp" 947
"../../../Engine/Plugins/NNE/NNEDenoiser/Content/NNED_Oidn2-3_Fast_Alpha.uasset" 948
"../../../Engine/Plugins/NNE/NNEDenoiser/Content/NNED_Oidn2-3_Fast_Alpha.uexp" 949
"../../../Engine/Plugins/NNE/NNEDenoiser/Content/NNED_Oidn2-3_HighQuality.uasset" 950
"../../../Engine/Plugins/NNE/NNEDenoiser/Content/NNED_Oidn2-3_HighQuality.uexp" 951
"../../../Engine/Plugins/NNE/NNEDenoiser/Content/NNED_Oidn2-3_HighQuality_Alpha.uasset" 952
"../../../Engine/Plugins/NNE/NNEDenoiser/Content/NNED_Oidn2-3_HighQuality_Alpha.uexp" 953
"../../../Engine/Content/EngineSky/VolumetricClouds/VT_PerlinWorley_Balanced.uasset" 954
"../../../Engine/Content/EngineSky/VolumetricClouds/VT_PerlinWorley_Balanced.uexp" 955
"../../../Engine/Content/EngineSky/VolumetricClouds/T_Profile_08.ubulk" 956
"../../../Engine/Content/EngineSky/VolumetricClouds/T_Profile_08.uasset" 957
"../../../Engine/Content/EngineSky/VolumetricClouds/T_Profile_08.uexp" 958
"../../../Engine/Content/EngineSky/VolumetricClouds/T_CloudPattern.ubulk" 959
"../../../Engine/Content/EngineSky/VolumetricClouds/T_CloudPattern.uasset" 960
"../../../Engine/Content/EngineSky/VolumetricClouds/T_CloudPattern.uexp" 961
"../../../Engine/Content/EngineSky/VolumetricClouds/T_CloudMask.ubulk" 962
"../../../Engine/Content/EngineSky/VolumetricClouds/T_CloudMask.uasset" 963
"../../../Engine/Content/EngineSky/VolumetricClouds/T_CloudMask.uexp" 964
"../../../Engine/Content/Functions/Engine_MaterialFunctions02/Utility/BreakOutFloat4Components.uasset" 965
"../../../Engine/Content/Functions/Engine_MaterialFunctions02/Utility/BreakOutFloat4Components.uexp" 966
"../../../Engine/Content/EngineResources/DefaultVolumeTexture2D.uasset" 967
"../../../Engine/Content/EngineResources/DefaultVolumeTexture2D.uexp" 968
"../../../Engine/Content/EngineResources/DefaultVolumeTexture.uasset" 969
"../../../Engine/Content/EngineResources/DefaultVolumeTexture.uexp" 970
"../../../Engine/Content/Functions/Engine_MaterialFunctions02/Utility/MakeFloat4.uasset" 971
"../../../Engine/Content/Functions/Engine_MaterialFunctions02/Utility/MakeFloat4.uexp" 972
"../../../Engine/Content/EngineSky/VolumetricClouds/VT_Lightning.uasset" 973
"../../../Engine/Content/EngineSky/VolumetricClouds/VT_Lightning.uexp" 974
"../../../Engine/Content/Functions/Engine_MaterialFunctions01/Units/Km-to-Cm.uasset" 975
"../../../Engine/Content/Functions/Engine_MaterialFunctions01/Units/Km-to-Cm.uexp" 976
"../../../Engine/Content/EngineSky/VolumetricClouds/m_SimpleVolumetricCloud.uasset" 977
"../../../Engine/Content/EngineSky/VolumetricClouds/m_SimpleVolumetricCloud.uexp" 978
"../../../Engine/Content/EngineSky/VolumetricClouds/m_SimpleVolumetricCloud_Inst.uasset" 979
"../../../Engine/Content/EngineSky/VolumetricClouds/m_SimpleVolumetricCloud_Inst.uexp" 980
"D:/UEProjects/MyWorld/Content/Meshes/Props/Second_Level_Enviroment/SecundaryPath_008.ubulk" 981
"D:/UEProjects/MyWorld/Content/Meshes/Props/Second_Level_Enviroment/SecundaryPath_008.uasset" 982
"D:/UEProjects/MyWorld/Content/Meshes/Props/Second_Level_Enviroment/SecundaryPath_008.uexp" 983
"D:/UEProjects/MyWorld/Content/Meshes/Props/Second_Level_Enviroment/SecundaryPath_006.ubulk" 984
"D:/UEProjects/MyWorld/Content/Meshes/Props/Second_Level_Enviroment/SecundaryPath_006.uasset" 985
"D:/UEProjects/MyWorld/Content/Meshes/Props/Second_Level_Enviroment/SecundaryPath_006.uexp" 986
"D:/UEProjects/MyWorld/Content/Meshes/Props/Second_Level_Enviroment/SecundaryPath_005.ubulk" 987
"D:/UEProjects/MyWorld/Content/Meshes/Props/Second_Level_Enviroment/SecundaryPath_005.uasset" 988
"D:/UEProjects/MyWorld/Content/Meshes/Props/Second_Level_Enviroment/SecundaryPath_005.uexp" 989
"D:/UEProjects/MyWorld/Content/Meshes/Props/Second_Level_Enviroment/SecundaryPath_004.ubulk" 990
"D:/UEProjects/MyWorld/Content/Meshes/Props/Second_Level_Enviroment/SecundaryPath_004.uasset" 991
"D:/UEProjects/MyWorld/Content/Meshes/Props/Second_Level_Enviroment/SecundaryPath_004.uexp" 992
"D:/UEProjects/MyWorld/Content/Meshes/Props/Second_Level_Enviroment/SecundaryPath_003.ubulk" 993
"D:/UEProjects/MyWorld/Content/Meshes/Props/Second_Level_Enviroment/SecundaryPath_003.uasset" 994
"D:/UEProjects/MyWorld/Content/Meshes/Props/Second_Level_Enviroment/SecundaryPath_003.uexp" 995
"D:/UEProjects/MyWorld/Content/Meshes/Props/Second_Level_Enviroment/SecundaryPath_001.ubulk" 996
"D:/UEProjects/MyWorld/Content/Meshes/Props/Second_Level_Enviroment/SecundaryPath_001.uasset" 997
"D:/UEProjects/MyWorld/Content/Meshes/Props/Second_Level_Enviroment/SecundaryPath_001.uexp" 998
"D:/UEProjects/MyWorld/Content/Meshes/Props/Second_Level_Enviroment/PrincipalPath_005.ubulk" 999
"D:/UEProjects/MyWorld/Content/Meshes/Props/Second_Level_Enviroment/PrincipalPath_005.uasset" 1000
"D:/UEProjects/MyWorld/Content/Meshes/Props/Second_Level_Enviroment/PrincipalPath_005.uexp" 1001
"D:/UEProjects/MyWorld/Content/Meshes/Props/Second_Level_Enviroment/PrincipalPath_004.ubulk" 1002
"D:/UEProjects/MyWorld/Content/Meshes/Props/Second_Level_Enviroment/PrincipalPath_004.uasset" 1003
"D:/UEProjects/MyWorld/Content/Meshes/Props/Second_Level_Enviroment/PrincipalPath_004.uexp" 1004
"D:/UEProjects/MyWorld/Content/Meshes/Props/Second_Level_Enviroment/PrincipalPath_003.ubulk" 1005
"D:/UEProjects/MyWorld/Content/Meshes/Props/Second_Level_Enviroment/PrincipalPath_003.uasset" 1006
"D:/UEProjects/MyWorld/Content/Meshes/Props/Second_Level_Enviroment/PrincipalPath_003.uexp" 1007
"D:/UEProjects/MyWorld/Content/Meshes/Props/Second_Level_Enviroment/PrincipalPath_001.ubulk" 1008
"D:/UEProjects/MyWorld/Content/Meshes/Props/Second_Level_Enviroment/PrincipalPath_001.uasset" 1009
"D:/UEProjects/MyWorld/Content/Meshes/Props/Second_Level_Enviroment/PrincipalPath_001.uexp" 1010
"D:/UEProjects/MyWorld/Content/Meshes/Props/Second_Level_Enviroment/PlayerWalkingSpace_001.ubulk" 1011
"D:/UEProjects/MyWorld/Content/Meshes/Props/Second_Level_Enviroment/PlayerWalkingSpace_001.uasset" 1012
"D:/UEProjects/MyWorld/Content/Meshes/Props/Second_Level_Enviroment/PlayerWalkingSpace_001.uexp" 1013
"D:/UEProjects/MyWorld/Content/Meshes/Props/Second_Level_Enviroment/PedestalBase_007.ubulk" 1014
"D:/UEProjects/MyWorld/Content/Meshes/Props/Second_Level_Enviroment/PedestalBase_007.uasset" 1015
"D:/UEProjects/MyWorld/Content/Meshes/Props/Second_Level_Enviroment/PedestalBase_007.uexp" 1016
"D:/UEProjects/MyWorld/Content/Meshes/Props/Second_Level_Enviroment/PedestalBase_006.ubulk" 1017
"D:/UEProjects/MyWorld/Content/Meshes/Props/Second_Level_Enviroment/PedestalBase_006.uasset" 1018
"D:/UEProjects/MyWorld/Content/Meshes/Props/Second_Level_Enviroment/PedestalBase_006.uexp" 1019
"D:/UEProjects/MyWorld/Content/Meshes/Props/Second_Level_Enviroment/PedestalBase_005.ubulk" 1020
"D:/UEProjects/MyWorld/Content/Meshes/Props/Second_Level_Enviroment/PedestalBase_005.uasset" 1021
"D:/UEProjects/MyWorld/Content/Meshes/Props/Second_Level_Enviroment/PedestalBase_005.uexp" 1022
"D:/UEProjects/MyWorld/Content/Meshes/Props/Second_Level_Enviroment/PedestalBase_004.ubulk" 1023
"D:/UEProjects/MyWorld/Content/Meshes/Props/Second_Level_Enviroment/PedestalBase_004.uasset" 1024
"D:/UEProjects/MyWorld/Content/Meshes/Props/Second_Level_Enviroment/PedestalBase_004.uexp" 1025
"D:/UEProjects/MyWorld/Content/Meshes/Props/Second_Level_Enviroment/PedestalBase_003.ubulk" 1026
"D:/UEProjects/MyWorld/Content/Meshes/Props/Second_Level_Enviroment/PedestalBase_003.uasset" 1027
"D:/UEProjects/MyWorld/Content/Meshes/Props/Second_Level_Enviroment/PedestalBase_003.uexp" 1028
"D:/UEProjects/MyWorld/Content/Meshes/Props/Second_Level_Enviroment/PedestalBase_001.ubulk" 1029
"D:/UEProjects/MyWorld/Content/Meshes/Props/Second_Level_Enviroment/PedestalBase_001.uasset" 1030
"D:/UEProjects/MyWorld/Content/Meshes/Props/Second_Level_Enviroment/PedestalBase_001.uexp" 1031
"D:/UEProjects/MyWorld/Content/Meshes/Props/Second_Level_Enviroment/Bridge_016.ubulk" 1032
"D:/UEProjects/MyWorld/Content/Meshes/Props/Second_Level_Enviroment/Bridge_016.uasset" 1033
"D:/UEProjects/MyWorld/Content/Meshes/Props/Second_Level_Enviroment/Bridge_016.uexp" 1034
"D:/UEProjects/MyWorld/Content/Meshes/Props/Second_Level_Enviroment/Bridge_015.ubulk" 1035
"D:/UEProjects/MyWorld/Content/Meshes/Props/Second_Level_Enviroment/Bridge_015.uasset" 1036
"D:/UEProjects/MyWorld/Content/Meshes/Props/Second_Level_Enviroment/Bridge_015.uexp" 1037
"D:/UEProjects/MyWorld/Content/Meshes/Props/Second_Level_Enviroment/Bridge_014.ubulk" 1038
"D:/UEProjects/MyWorld/Content/Meshes/Props/Second_Level_Enviroment/Bridge_014.uasset" 1039
"D:/UEProjects/MyWorld/Content/Meshes/Props/Second_Level_Enviroment/Bridge_014.uexp" 1040
"D:/UEProjects/MyWorld/Content/Meshes/Props/Second_Level_Enviroment/Bridge_013.ubulk" 1041
"D:/UEProjects/MyWorld/Content/Meshes/Props/Second_Level_Enviroment/Bridge_013.uasset" 1042
"D:/UEProjects/MyWorld/Content/Meshes/Props/Second_Level_Enviroment/Bridge_013.uexp" 1043
"D:/UEProjects/MyWorld/Content/Meshes/Props/Second_Level_Enviroment/Bridge_012.ubulk" 1044
"D:/UEProjects/MyWorld/Content/Meshes/Props/Second_Level_Enviroment/Bridge_012.uasset" 1045
"D:/UEProjects/MyWorld/Content/Meshes/Props/Second_Level_Enviroment/Bridge_012.uexp" 1046
"D:/UEProjects/MyWorld/Content/Meshes/Props/Second_Level_Enviroment/Bridge_011.ubulk" 1047
"D:/UEProjects/MyWorld/Content/Meshes/Props/Second_Level_Enviroment/Bridge_011.uasset" 1048
"D:/UEProjects/MyWorld/Content/Meshes/Props/Second_Level_Enviroment/Bridge_011.uexp" 1049
"D:/UEProjects/MyWorld/Content/Meshes/Props/Second_Level_Enviroment/Bridge_010.ubulk" 1050
"D:/UEProjects/MyWorld/Content/Meshes/Props/Second_Level_Enviroment/Bridge_010.uasset" 1051
"D:/UEProjects/MyWorld/Content/Meshes/Props/Second_Level_Enviroment/Bridge_010.uexp" 1052
"D:/UEProjects/MyWorld/Content/Meshes/Props/Second_Level_Enviroment/Bridge_009.ubulk" 1053
"D:/UEProjects/MyWorld/Content/Meshes/Props/Second_Level_Enviroment/Bridge_009.uasset" 1054
"D:/UEProjects/MyWorld/Content/Meshes/Props/Second_Level_Enviroment/Bridge_009.uexp" 1055
"D:/UEProjects/MyWorld/Content/Meshes/Props/Second_Level_Enviroment/Bridge_008.ubulk" 1056
"D:/UEProjects/MyWorld/Content/Meshes/Props/Second_Level_Enviroment/Bridge_008.uasset" 1057
"D:/UEProjects/MyWorld/Content/Meshes/Props/Second_Level_Enviroment/Bridge_008.uexp" 1058
"D:/UEProjects/MyWorld/Content/Meshes/Props/Second_Level_Enviroment/Bridge_007.ubulk" 1059
"D:/UEProjects/MyWorld/Content/Meshes/Props/Second_Level_Enviroment/Bridge_007.uasset" 1060
"D:/UEProjects/MyWorld/Content/Meshes/Props/Second_Level_Enviroment/Bridge_007.uexp" 1061
"D:/UEProjects/MyWorld/Content/Meshes/Props/Second_Level_Enviroment/Bridge_006.ubulk" 1062
"D:/UEProjects/MyWorld/Content/Meshes/Props/Second_Level_Enviroment/Bridge_006.uasset" 1063
"D:/UEProjects/MyWorld/Content/Meshes/Props/Second_Level_Enviroment/Bridge_006.uexp" 1064
"D:/UEProjects/MyWorld/Content/Meshes/Props/Second_Level_Enviroment/Bridge_005.ubulk" 1065
"D:/UEProjects/MyWorld/Content/Meshes/Props/Second_Level_Enviroment/Bridge_005.uasset" 1066
"D:/UEProjects/MyWorld/Content/Meshes/Props/Second_Level_Enviroment/Bridge_005.uexp" 1067
"D:/UEProjects/MyWorld/Content/Meshes/Props/Second_Level_Enviroment/Bridge_004.ubulk" 1068
"D:/UEProjects/MyWorld/Content/Meshes/Props/Second_Level_Enviroment/Bridge_004.uasset" 1069
"D:/UEProjects/MyWorld/Content/Meshes/Props/Second_Level_Enviroment/Bridge_004.uexp" 1070
"D:/UEProjects/MyWorld/Content/Meshes/Props/Second_Level_Enviroment/Bridge_003.ubulk" 1071
"D:/UEProjects/MyWorld/Content/Meshes/Props/Second_Level_Enviroment/Bridge_003.uasset" 1072
"D:/UEProjects/MyWorld/Content/Meshes/Props/Second_Level_Enviroment/Bridge_003.uexp" 1073
"D:/UEProjects/MyWorld/Content/Meshes/Props/Second_Level_Enviroment/Bridge_001.ubulk" 1074
"D:/UEProjects/MyWorld/Content/Meshes/Props/Second_Level_Enviroment/Bridge_001.uasset" 1075
"D:/UEProjects/MyWorld/Content/Meshes/Props/Second_Level_Enviroment/Bridge_001.uexp" 1076
"../../../Engine/Content/Functions/Engine_MaterialFunctions02/Utility/DitherTemporalAA.uasset" 1077
"../../../Engine/Content/Functions/Engine_MaterialFunctions02/Utility/DitherTemporalAA.uexp" 1078
"D:/UEProjects/MyWorld/Content/Materials/Rock_Materials/Path/Path_Normal.ubulk" 1079
"D:/UEProjects/MyWorld/Content/Materials/Rock_Materials/Path/Path_Normal.uasset" 1080
"D:/UEProjects/MyWorld/Content/Materials/Rock_Materials/Path/Path_Normal.uexp" 1081
"D:/UEProjects/MyWorld/Content/Materials/Rock_Materials/Path/Path_Curvature.ubulk" 1082
"D:/UEProjects/MyWorld/Content/Materials/Rock_Materials/Path/Path_Curvature.uasset" 1083
"D:/UEProjects/MyWorld/Content/Materials/Rock_Materials/Path/Path_Curvature.uexp" 1084
"D:/UEProjects/MyWorld/Content/Materials/Rock_Materials/M_Rocks.uasset" 1085
"D:/UEProjects/MyWorld/Content/Materials/Rock_Materials/M_Rocks.uexp" 1086
"D:/UEProjects/MyWorld/Content/Materials/Rock_Materials/Rocks/Rocks_Normal.ubulk" 1087
"D:/UEProjects/MyWorld/Content/Materials/Rock_Materials/Rocks/Rocks_Normal.uasset" 1088
"D:/UEProjects/MyWorld/Content/Materials/Rock_Materials/Rocks/Rocks_Normal.uexp" 1089
"D:/UEProjects/MyWorld/Content/Materials/Rock_Materials/Rocks/Rocks_EdgeWear.ubulk" 1090
"D:/UEProjects/MyWorld/Content/Materials/Rock_Materials/Rocks/Rocks_EdgeWear.uasset" 1091
"D:/UEProjects/MyWorld/Content/Materials/Rock_Materials/Rocks/Rocks_EdgeWear.uexp" 1092
"D:/UEProjects/MyWorld/Content/Materials/Rock_Materials/Rocks/MI_Rocks_Gray.uasset" 1093
"D:/UEProjects/MyWorld/Content/Materials/Rock_Materials/Rocks/MI_Rocks_Gray.uexp" 1094
"D:/UEProjects/MyWorld/Content/Meshes/Props/Rocks/Rocks_Skeleton.uasset" 1095
"D:/UEProjects/MyWorld/Content/Meshes/Props/Rocks/Rocks_Skeleton.uexp" 1096
"D:/UEProjects/MyWorld/Content/Meshes/Props/Rocks/RocksSK7_PhysicsAsset.uasset" 1097
"D:/UEProjects/MyWorld/Content/Meshes/Props/Rocks/RocksSK7_PhysicsAsset.uexp" 1098
"D:/UEProjects/MyWorld/Content/Meshes/Props/Rocks/RocksSK7.uasset" 1099
"D:/UEProjects/MyWorld/Content/Meshes/Props/Rocks/RocksSK7.uexp" 1100
"D:/UEProjects/MyWorld/Content/Meshes/Props/Rocks/RocksSK6_PhysicsAsset.uasset" 1101
"D:/UEProjects/MyWorld/Content/Meshes/Props/Rocks/RocksSK6_PhysicsAsset.uexp" 1102
"D:/UEProjects/MyWorld/Content/Meshes/Props/Rocks/RocksSK6.uasset" 1103
"D:/UEProjects/MyWorld/Content/Meshes/Props/Rocks/RocksSK6.uexp" 1104
"D:/UEProjects/MyWorld/Content/Meshes/Props/Rocks/RocksSK5_PhysicsAsset.uasset" 1105
"D:/UEProjects/MyWorld/Content/Meshes/Props/Rocks/RocksSK5_PhysicsAsset.uexp" 1106
"D:/UEProjects/MyWorld/Content/Meshes/Props/Rocks/RocksSK5.uasset" 1107
"D:/UEProjects/MyWorld/Content/Meshes/Props/Rocks/RocksSK5.uexp" 1108
"D:/UEProjects/MyWorld/Content/Meshes/Props/Rocks/RocksSK4_PhysicsAsset.uasset" 1109
"D:/UEProjects/MyWorld/Content/Meshes/Props/Rocks/RocksSK4_PhysicsAsset.uexp" 1110
"D:/UEProjects/MyWorld/Content/Meshes/Props/Rocks/RocksSK4.uasset" 1111
"D:/UEProjects/MyWorld/Content/Meshes/Props/Rocks/RocksSK4.uexp" 1112
"D:/UEProjects/MyWorld/Content/Meshes/Props/Rocks/RocksSK3_PhysicsAsset.uasset" 1113
"D:/UEProjects/MyWorld/Content/Meshes/Props/Rocks/RocksSK3_PhysicsAsset.uexp" 1114
"D:/UEProjects/MyWorld/Content/Meshes/Props/Rocks/RocksSK3.uasset" 1115
"D:/UEProjects/MyWorld/Content/Meshes/Props/Rocks/RocksSK3.uexp" 1116
"D:/UEProjects/MyWorld/Content/Meshes/Props/Rocks/RocksSK2_PhysicsAsset.uasset" 1117
"D:/UEProjects/MyWorld/Content/Meshes/Props/Rocks/RocksSK2_PhysicsAsset.uexp" 1118
"D:/UEProjects/MyWorld/Content/Meshes/Props/Rocks/RocksSK2.uasset" 1119
"D:/UEProjects/MyWorld/Content/Meshes/Props/Rocks/RocksSK2.uexp" 1120
"D:/UEProjects/MyWorld/Content/Meshes/Props/Rocks/RocksSK1_PhysicsAsset.uasset" 1121
"D:/UEProjects/MyWorld/Content/Meshes/Props/Rocks/RocksSK1_PhysicsAsset.uexp" 1122
"D:/UEProjects/MyWorld/Content/Meshes/Props/Rocks/RocksSK1.uasset" 1123
"D:/UEProjects/MyWorld/Content/Meshes/Props/Rocks/RocksSK1.uexp" 1124
"D:/UEProjects/MyWorld/Content/Meshes/Props/Portal/Portal.ubulk" 1125
"D:/UEProjects/MyWorld/Content/Meshes/Props/Portal/Portal.uasset" 1126
"D:/UEProjects/MyWorld/Content/Meshes/Props/Portal/Portal.uexp" 1127
"D:/UEProjects/MyWorld/Content/Meshes/Props/Pedestal_Candle/Candle_Base_LowPoly.ubulk" 1128
"D:/UEProjects/MyWorld/Content/Meshes/Props/Pedestal_Candle/Candle_Base_LowPoly.uasset" 1129
"D:/UEProjects/MyWorld/Content/Meshes/Props/Pedestal_Candle/Candle_Base_LowPoly.uexp" 1130
"../../../Engine/Content/VREditor/Sounds/UI/Floating_UI_Open.ubulk" 1131
"../../../Engine/Content/VREditor/Sounds/UI/Floating_UI_Open.uasset" 1132
"../../../Engine/Content/VREditor/Sounds/UI/Floating_UI_Open.uexp" 1133
"D:/UEProjects/MyWorld/Content/Sounds/MS_TouchingOBjects.uasset" 1134
"D:/UEProjects/MyWorld/Content/Sounds/MS_TouchingOBjects.uexp" 1135
"D:/UEProjects/MyWorld/Content/Particles/Interaction_Particles/M_Heart.uasset" 1136
"D:/UEProjects/MyWorld/Content/Particles/Interaction_Particles/M_Heart.uexp" 1137
"D:/UEProjects/MyWorld/Content/Particles/Interaction_Particles/MI_Heart.uasset" 1138
"D:/UEProjects/MyWorld/Content/Particles/Interaction_Particles/MI_Heart.uexp" 1139
"D:/UEProjects/MyWorld/Content/Particles/Interaction_Particles/HeartParticle.ubulk" 1140
"D:/UEProjects/MyWorld/Content/Particles/Interaction_Particles/HeartParticle.uasset" 1141
"D:/UEProjects/MyWorld/Content/Particles/Interaction_Particles/HeartParticle.uexp" 1142
"D:/UEProjects/MyWorld/Content/Particles/Interaction_Particles/NS_Hearts.uasset" 1143
"D:/UEProjects/MyWorld/Content/Particles/Interaction_Particles/NS_Hearts.uexp" 1144
"D:/UEProjects/MyWorld/Content/StarterContent/Textures/T_Smoke_Tiled_D.ubulk" 1145
"D:/UEProjects/MyWorld/Content/StarterContent/Textures/T_Smoke_Tiled_D.uasset" 1146
"D:/UEProjects/MyWorld/Content/StarterContent/Textures/T_Smoke_Tiled_D.uexp" 1147
"D:/UEProjects/MyWorld/Content/StarterContent/Textures/T_Smoke_SubUV.ubulk" 1148
"D:/UEProjects/MyWorld/Content/StarterContent/Textures/T_Smoke_SubUV.uasset" 1149
"D:/UEProjects/MyWorld/Content/StarterContent/Textures/T_Smoke_SubUV.uexp" 1150
"D:/UEProjects/MyWorld/Content/StarterContent/Particles/Materials/M_smoke_subUV.uasset" 1151
"D:/UEProjects/MyWorld/Content/StarterContent/Particles/Materials/M_smoke_subUV.uexp" 1152
"../../../Engine/Content/Functions/Engine_MaterialFunctions01/Gradient/RadialGradient.uasset" 1153
"../../../Engine/Content/Functions/Engine_MaterialFunctions01/Gradient/RadialGradient.uexp" 1154
"D:/UEProjects/MyWorld/Content/StarterContent/Particles/Materials/M_radial_ramp.uasset" 1155
"D:/UEProjects/MyWorld/Content/StarterContent/Particles/Materials/M_radial_ramp.uexp" 1156
"D:/UEProjects/MyWorld/Content/StarterContent/Particles/Materials/m_flare_01.uasset" 1157
"D:/UEProjects/MyWorld/Content/StarterContent/Particles/Materials/m_flare_01.uexp" 1158
"D:/UEProjects/MyWorld/Content/StarterContent/Textures/T_Explosion_SubUV.ubulk" 1159
"D:/UEProjects/MyWorld/Content/StarterContent/Textures/T_Explosion_SubUV.uasset" 1160
"D:/UEProjects/MyWorld/Content/StarterContent/Textures/T_Explosion_SubUV.uexp" 1161
"D:/UEProjects/MyWorld/Content/StarterContent/Particles/Materials/M_explosion_subUV.uasset" 1162
"D:/UEProjects/MyWorld/Content/StarterContent/Particles/Materials/M_explosion_subUV.uexp" 1163
"D:/UEProjects/MyWorld/Content/StarterContent/Textures/T_Burst_M.ubulk" 1164
"D:/UEProjects/MyWorld/Content/StarterContent/Textures/T_Burst_M.uasset" 1165
"D:/UEProjects/MyWorld/Content/StarterContent/Textures/T_Burst_M.uexp" 1166
"D:/UEProjects/MyWorld/Content/StarterContent/Particles/Materials/M_Burst.uasset" 1167
"D:/UEProjects/MyWorld/Content/StarterContent/Particles/Materials/M_Burst.uexp" 1168
"D:/UEProjects/MyWorld/Content/StarterContent/Particles/P_Explosion.uasset" 1169
"D:/UEProjects/MyWorld/Content/StarterContent/Particles/P_Explosion.uexp" 1170
"../../../Engine/Plugins/Animation/ACLPlugin/Content/ACLAnimCurveCompressionSettings.uasset" 1171
"../../../Engine/Plugins/Animation/ACLPlugin/Content/ACLAnimCurveCompressionSettings.uexp" 1172
"../../../Engine/Content/Animation/DefaultVariableFrameStrippingSettings.uasset" 1173
"../../../Engine/Content/Animation/DefaultVariableFrameStrippingSettings.uexp" 1174
"../../../Engine/Content/Animation/DefaultRecorderBoneCompression.uasset" 1175
"../../../Engine/Content/Animation/DefaultRecorderBoneCompression.uexp" 1176
"D:/UEProjects/MyWorld/Content/Animations/Rocks/Anim_Rock_Idle_Slow.uasset" 1177
"D:/UEProjects/MyWorld/Content/Animations/Rocks/Anim_Rock_Idle_Slow.uexp" 1178
"D:/UEProjects/MyWorld/Content/Animations/Rocks/Anim_Rock_PlayerNear_C.uasset" 1179
"D:/UEProjects/MyWorld/Content/Animations/Rocks/Anim_Rock_PlayerNear_C.uexp" 1180
"D:/UEProjects/MyWorld/Content/Animations/Rocks/BS_Idle_Slow_PlayerNear.uasset" 1181
"D:/UEProjects/MyWorld/Content/Animations/Rocks/BS_Idle_Slow_PlayerNear.uexp" 1182
"D:/UEProjects/MyWorld/Content/Animations/Rocks/Anim_Rock_Idle_Happy_Player_C.uasset" 1183
"D:/UEProjects/MyWorld/Content/Animations/Rocks/Anim_Rock_Idle_Happy_Player_C.uexp" 1184
"D:/UEProjects/MyWorld/Content/Animations/Rocks/Anim_Rock_Idle_Happy_Player_F.uasset" 1185
"D:/UEProjects/MyWorld/Content/Animations/Rocks/Anim_Rock_Idle_Happy_Player_F.uexp" 1186
"D:/UEProjects/MyWorld/Content/Animations/Rocks/BS_Idle_Fast_PlayerNear.uasset" 1187
"D:/UEProjects/MyWorld/Content/Animations/Rocks/BS_Idle_Fast_PlayerNear.uexp" 1188
"D:/UEProjects/MyWorld/Content/Meshes/Props/Rocks/AB_Rocks.uasset" 1189
"D:/UEProjects/MyWorld/Content/Meshes/Props/Rocks/AB_Rocks.uexp" 1190
"D:/UEProjects/MyWorld/Content/Animations/Rocks/Anim_Rock_Changing_Material.uasset" 1191
"D:/UEProjects/MyWorld/Content/Animations/Rocks/Anim_Rock_Changing_Material.uexp" 1192
"D:/UEProjects/MyWorld/Content/Animations/Rocks/BP_ChangeMatNotify_Rock.uasset" 1193
"D:/UEProjects/MyWorld/Content/Animations/Rocks/BP_ChangeMatNotify_Rock.uexp" 1194
"D:/UEProjects/MyWorld/Content/Animations/Rocks/Anim_Rock_Changing_Material_Montage.uasset" 1195
"D:/UEProjects/MyWorld/Content/Animations/Rocks/Anim_Rock_Changing_Material_Montage.uexp" 1196
"D:/UEProjects/MyWorld/Content/Animations/Rocks/Anim_Rock_Interaction.uasset" 1197
"D:/UEProjects/MyWorld/Content/Animations/Rocks/Anim_Rock_Interaction.uexp" 1198
"D:/UEProjects/MyWorld/Content/Animations/Rocks/Anim_Rock_Interaction_Montage.uasset" 1199
"D:/UEProjects/MyWorld/Content/Animations/Rocks/Anim_Rock_Interaction_Montage.uexp" 1200
"D:/UEProjects/MyWorld/Content/Blueprints/Items/BP_Rock.uasset" 1201
"D:/UEProjects/MyWorld/Content/Blueprints/Items/BP_Rock.uexp" 1202
"../../../Engine/Content/Functions/Engine_MaterialFunctions01/WorldPositionOffset/SimpleGrassWind.uasset" 1203
"../../../Engine/Content/Functions/Engine_MaterialFunctions01/WorldPositionOffset/SimpleGrassWind.uexp" 1204
"D:/UEProjects/MyWorld/Content/Materials/Foliage_Materials/Grass_M/GrassNormal_normal.ubulk" 1205
"D:/UEProjects/MyWorld/Content/Materials/Foliage_Materials/Grass_M/GrassNormal_normal.uasset" 1206
"D:/UEProjects/MyWorld/Content/Materials/Foliage_Materials/Grass_M/GrassNormal_normal.uexp" 1207
"D:/UEProjects/MyWorld/Content/Materials/Foliage_Materials/Grass_M/M_Folliage.uasset" 1208
"D:/UEProjects/MyWorld/Content/Materials/Foliage_Materials/Grass_M/M_Folliage.uexp" 1209
"D:/UEProjects/MyWorld/Content/Materials/Foliage_Materials/Grass_M/GrassEdgesCurve_edge.ubulk" 1210
"D:/UEProjects/MyWorld/Content/Materials/Foliage_Materials/Grass_M/GrassEdgesCurve_edge.uasset" 1211
"D:/UEProjects/MyWorld/Content/Materials/Foliage_Materials/Grass_M/GrassEdgesCurve_edge.uexp" 1212
"D:/UEProjects/MyWorld/Content/Materials/Foliage_Materials/Grass_M/MI_Grass.uasset" 1213
"D:/UEProjects/MyWorld/Content/Materials/Foliage_Materials/Grass_M/MI_Grass.uexp" 1214
"D:/UEProjects/MyWorld/Content/Meshes/Props/Foliage/Grass.ubulk" 1215
"D:/UEProjects/MyWorld/Content/Meshes/Props/Foliage/Grass.uasset" 1216
"D:/UEProjects/MyWorld/Content/Meshes/Props/Foliage/Grass.uexp" 1217
"D:/UEProjects/MyWorld/Content/Meshes/Props/Flowers/FlowerSKOne_Skeleton.uasset" 1218
"D:/UEProjects/MyWorld/Content/Meshes/Props/Flowers/FlowerSKOne_Skeleton.uexp" 1219
"D:/UEProjects/MyWorld/Content/Meshes/Props/Flowers/FlowerSKOne_PhysicsAsset.uasset" 1220
"D:/UEProjects/MyWorld/Content/Meshes/Props/Flowers/FlowerSKOne_PhysicsAsset.uexp" 1221
"D:/UEProjects/MyWorld/Content/Meshes/Props/Flowers/FlowerSKOne.uasset" 1222
"D:/UEProjects/MyWorld/Content/Meshes/Props/Flowers/FlowerSKOne.uexp" 1223
"D:/UEProjects/MyWorld/Content/Materials/Foliage_Materials/Flowe_M/MI_Grass_Flower.uasset" 1224
"D:/UEProjects/MyWorld/Content/Materials/Foliage_Materials/Flowe_M/MI_Grass_Flower.uexp" 1225
"D:/UEProjects/MyWorld/Content/Materials/Foliage_Materials/Flowe_M/MI_Grass_Flower_G.uasset" 1226
"D:/UEProjects/MyWorld/Content/Materials/Foliage_Materials/Flowe_M/MI_Grass_Flower_G.uexp" 1227
"D:/UEProjects/MyWorld/Content/Materials/LandScapeElements/NoiseFive_diffuseOriginal.ubulk" 1228
"D:/UEProjects/MyWorld/Content/Materials/LandScapeElements/NoiseFive_diffuseOriginal.uasset" 1229
"D:/UEProjects/MyWorld/Content/Materials/LandScapeElements/NoiseFive_diffuseOriginal.uexp" 1230
"D:/UEProjects/MyWorld/Content/Materials/Foliage_Materials/Flowe_M/M_Flowers.uasset" 1231
"D:/UEProjects/MyWorld/Content/Materials/Foliage_Materials/Flowe_M/M_Flowers.uexp" 1232
"D:/UEProjects/MyWorld/Content/Materials/Foliage_Materials/Flowe_M/MI_Flowers_Tallo_C.uasset" 1233
"D:/UEProjects/MyWorld/Content/Materials/Foliage_Materials/Flowe_M/MI_Flowers_Tallo_C.uexp" 1234
"D:/UEProjects/MyWorld/Content/Materials/Foliage_Materials/Flowe_M/MI_Flowers_Tallo_G.uasset" 1235
"D:/UEProjects/MyWorld/Content/Materials/Foliage_Materials/Flowe_M/MI_Flowers_Tallo_G.uexp" 1236
"D:/UEProjects/MyWorld/Content/Materials/Foliage_Materials/Flowe_M/MI_Flowers_Flower_C.uasset" 1237
"D:/UEProjects/MyWorld/Content/Materials/Foliage_Materials/Flowe_M/MI_Flowers_Flower_C.uexp" 1238
"D:/UEProjects/MyWorld/Content/Materials/Foliage_Materials/Flowe_M/MI_Flowers_Flower_G.uasset" 1239
"D:/UEProjects/MyWorld/Content/Materials/Foliage_Materials/Flowe_M/MI_Flowers_Flower_G.uexp" 1240
"D:/UEProjects/MyWorld/Content/Materials/Foliage_Materials/Flowe_M/MI_Flowers_Center_C.uasset" 1241
"D:/UEProjects/MyWorld/Content/Materials/Foliage_Materials/Flowe_M/MI_Flowers_Center_C.uexp" 1242
"D:/UEProjects/MyWorld/Content/Materials/Foliage_Materials/Flowe_M/MI_Flowers_Center_G.uasset" 1243
"D:/UEProjects/MyWorld/Content/Materials/Foliage_Materials/Flowe_M/MI_Flowers_Center_G.uexp" 1244
"D:/UEProjects/MyWorld/Content/Particles/Interaction_Particles/brokenHeartParticle.ubulk" 1245
"D:/UEProjects/MyWorld/Content/Particles/Interaction_Particles/brokenHeartParticle.uasset" 1246
"D:/UEProjects/MyWorld/Content/Particles/Interaction_Particles/brokenHeartParticle.uexp" 1247
"D:/UEProjects/MyWorld/Content/Particles/Interaction_Particles/NS_BrockenHearts.uasset" 1248
"D:/UEProjects/MyWorld/Content/Particles/Interaction_Particles/NS_BrockenHearts.uexp" 1249
"D:/UEProjects/MyWorld/Content/Animations/Flower/Anim_Flower_Idle_Slow_P_F.uasset" 1250
"D:/UEProjects/MyWorld/Content/Animations/Flower/Anim_Flower_Idle_Slow_P_F.uexp" 1251
"D:/UEProjects/MyWorld/Content/Meshes/character/Character_Skeleton.uasset" 1252
"D:/UEProjects/MyWorld/Content/Meshes/character/Character_Skeleton.uexp" 1253
"D:/UEProjects/MyWorld/Content/Meshes/character/Character_PhysicsAsset.uasset" 1254
"D:/UEProjects/MyWorld/Content/Meshes/character/Character_PhysicsAsset.uexp" 1255
"D:/UEProjects/MyWorld/Content/Meshes/character/Character.uasset" 1256
"D:/UEProjects/MyWorld/Content/Meshes/character/Character.uexp" 1257
"D:/UEProjects/MyWorld/Content/Materials/Character_Materials/M_Skin.uasset" 1258
"D:/UEProjects/MyWorld/Content/Materials/Character_Materials/M_Skin.uexp" 1259
"D:/UEProjects/MyWorld/Content/Materials/Character_Materials/MI_Skin.uasset" 1260
"D:/UEProjects/MyWorld/Content/Materials/Character_Materials/MI_Skin.uexp" 1261
"D:/UEProjects/MyWorld/Content/Meshes/Props/Floor/MPC_Proximity.uasset" 1262
"D:/UEProjects/MyWorld/Content/Meshes/Props/Floor/MPC_Proximity.uexp" 1263
"D:/UEProjects/MyWorld/Content/Meshes/character/Hair1.ubulk" 1264
"D:/UEProjects/MyWorld/Content/Meshes/character/Hair1.uasset" 1265
"D:/UEProjects/MyWorld/Content/Meshes/character/Hair1.uexp" 1266
"D:/UEProjects/MyWorld/Content/Meshes/character/Eye_L_libs_Upper.ubulk" 1267
"D:/UEProjects/MyWorld/Content/Meshes/character/Eye_L_libs_Upper.uasset" 1268
"D:/UEProjects/MyWorld/Content/Meshes/character/Eye_L_libs_Upper.uexp" 1269
"D:/UEProjects/MyWorld/Content/Meshes/character/Eye_L_libs_Button.ubulk" 1270
"D:/UEProjects/MyWorld/Content/Meshes/character/Eye_L_libs_Button.uasset" 1271
"D:/UEProjects/MyWorld/Content/Meshes/character/Eye_L_libs_Button.uexp" 1272
"D:/UEProjects/MyWorld/Content/Meshes/character/EyeBall_L.ubulk" 1273
"D:/UEProjects/MyWorld/Content/Meshes/character/EyeBall_L.uasset" 1274
"D:/UEProjects/MyWorld/Content/Meshes/character/EyeBall_L.uexp" 1275
"../../../Engine/Plugins/Interchange/Assets/Content/Functions/MF_PhongToMetalRoughness.uasset" 1276
"../../../Engine/Plugins/Interchange/Assets/Content/Functions/MF_PhongToMetalRoughness.uexp" 1277
"D:/UEProjects/MyWorld/Content/Materials/Character_Materials/Skirt.uasset" 1278
"D:/UEProjects/MyWorld/Content/Materials/Character_Materials/Skirt.uexp" 1279
"D:/UEProjects/MyWorld/Content/Materials/Character_Materials/Shoes.uasset" 1280
"D:/UEProjects/MyWorld/Content/Materials/Character_Materials/Shoes.uexp" 1281
"D:/UEProjects/MyWorld/Content/Materials/Character_Materials/Shirt.uasset" 1282
"D:/UEProjects/MyWorld/Content/Materials/Character_Materials/Shirt.uexp" 1283
"D:/UEProjects/MyWorld/Content/Meshes/character/CharacterClotes_PhysicsAsset.uasset" 1284
"D:/UEProjects/MyWorld/Content/Meshes/character/CharacterClotes_PhysicsAsset.uexp" 1285
"D:/UEProjects/MyWorld/Content/Meshes/character/CharacterClotes.uasset" 1286
"D:/UEProjects/MyWorld/Content/Meshes/character/CharacterClotes.uexp" 1287
"D:/UEProjects/MyWorld/Content/Animations/Character/Anim_Idle.uasset" 1288
"D:/UEProjects/MyWorld/Content/Animations/Character/Anim_Idle.uexp" 1289
"D:/UEProjects/MyWorld/Content/Animations/Character/Anim_Walking_WateringCan.uasset" 1290
"D:/UEProjects/MyWorld/Content/Animations/Character/Anim_Walking_WateringCan.uexp" 1291
"D:/UEProjects/MyWorld/Content/Animations/Character/Anim_Walking.uasset" 1292
"D:/UEProjects/MyWorld/Content/Animations/Character/Anim_Walking.uexp" 1293
"D:/UEProjects/MyWorld/Content/Animations/Character/Anim_Running_WateringCam.uasset" 1294
"D:/UEProjects/MyWorld/Content/Animations/Character/Anim_Running_WateringCam.uexp" 1295
"D:/UEProjects/MyWorld/Content/Animations/Character/Anim_Running.uasset" 1296
"D:/UEProjects/MyWorld/Content/Animations/Character/Anim_Running.uexp" 1297
"D:/UEProjects/MyWorld/Content/Blueprints/Player/BS2D_Walk_Run.uasset" 1298
"D:/UEProjects/MyWorld/Content/Blueprints/Player/BS2D_Walk_Run.uexp" 1299
"D:/UEProjects/MyWorld/Content/Blueprints/Player/AB_Player.uasset" 1300
"D:/UEProjects/MyWorld/Content/Blueprints/Player/AB_Player.uexp" 1301
"D:/UEProjects/MyWorld/Content/Blueprints/Player/Inputs/IA_Run.uasset" 1302
"D:/UEProjects/MyWorld/Content/Blueprints/Player/Inputs/IA_Run.uexp" 1303
"D:/UEProjects/MyWorld/Content/Blueprints/Player/Inputs/IA_Movement.uasset" 1304
"D:/UEProjects/MyWorld/Content/Blueprints/Player/Inputs/IA_Movement.uexp" 1305
"D:/UEProjects/MyWorld/Content/Blueprints/Player/Inputs/IA_Look.uasset" 1306
"D:/UEProjects/MyWorld/Content/Blueprints/Player/Inputs/IA_Look.uexp" 1307
"D:/UEProjects/MyWorld/Content/Blueprints/Player/Inputs/IA_Interaction.uasset" 1308
"D:/UEProjects/MyWorld/Content/Blueprints/Player/Inputs/IA_Interaction.uexp" 1309
"D:/UEProjects/MyWorld/Content/Blueprints/Player/Inputs/IMC_PlayerBas.uasset" 1310
"D:/UEProjects/MyWorld/Content/Blueprints/Player/Inputs/IMC_PlayerBas.uexp" 1311
"D:/UEProjects/MyWorld/Content/Blueprints/Player/Inputs/IA_Jump.uasset" 1312
"D:/UEProjects/MyWorld/Content/Blueprints/Player/Inputs/IA_Jump.uexp" 1313
"D:/UEProjects/MyWorld/Content/Blueprints/Player/BP_WorldPlayer.uasset" 1314
"D:/UEProjects/MyWorld/Content/Blueprints/Player/BP_WorldPlayer.uexp" 1315
"D:/UEProjects/MyWorld/Content/Animations/Flower/Anim_Flower_Idle_Slow_P_N.uasset" 1316
"D:/UEProjects/MyWorld/Content/Animations/Flower/Anim_Flower_Idle_Slow_P_N.uexp" 1317
"D:/UEProjects/MyWorld/Content/Animations/Flower/BS_Idle_Slow_F_n_N.uasset" 1318
"D:/UEProjects/MyWorld/Content/Animations/Flower/BS_Idle_Slow_F_n_N.uexp" 1319
"D:/UEProjects/MyWorld/Content/Animations/Flower/Anim_Flower_Idle_Happy_P_C.uasset" 1320
"D:/UEProjects/MyWorld/Content/Animations/Flower/Anim_Flower_Idle_Happy_P_C.uexp" 1321
"D:/UEProjects/MyWorld/Content/Animations/Flower/Anim_Flower_Idle_Happy_P_F.uasset" 1322
"D:/UEProjects/MyWorld/Content/Animations/Flower/Anim_Flower_Idle_Happy_P_F.uexp" 1323
"D:/UEProjects/MyWorld/Content/Animations/Flower/BS_Idle_Happy_F_n_N.uasset" 1324
"D:/UEProjects/MyWorld/Content/Animations/Flower/BS_Idle_Happy_F_n_N.uexp" 1325
"D:/UEProjects/MyWorld/Content/Meshes/Props/Flowers/AB_Flower.uasset" 1326
"D:/UEProjects/MyWorld/Content/Meshes/Props/Flowers/AB_Flower.uexp" 1327
"D:/UEProjects/MyWorld/Content/Animations/Flower/BP_ChangeMatNotify_Flower.uasset" 1328
"D:/UEProjects/MyWorld/Content/Animations/Flower/BP_ChangeMatNotify_Flower.uexp" 1329
"D:/UEProjects/MyWorld/Content/Animations/Flower/Anim_Flower_ChangingMat.uasset" 1330
"D:/UEProjects/MyWorld/Content/Animations/Flower/Anim_Flower_ChangingMat.uexp" 1331
"D:/UEProjects/MyWorld/Content/Animations/Flower/Anim_Flower_ChangingMat_Montage.uasset" 1332
"D:/UEProjects/MyWorld/Content/Animations/Flower/Anim_Flower_ChangingMat_Montage.uexp" 1333
"D:/UEProjects/MyWorld/Content/Animations/Flower/Anim_Flower_Reacting.uasset" 1334
"D:/UEProjects/MyWorld/Content/Animations/Flower/Anim_Flower_Reacting.uexp" 1335
"D:/UEProjects/MyWorld/Content/Animations/Flower/Anim_Flower_Reacting_Montage.uasset" 1336
"D:/UEProjects/MyWorld/Content/Animations/Flower/Anim_Flower_Reacting_Montage.uexp" 1337
"D:/UEProjects/MyWorld/Content/Blueprints/Items/BP_Flower.uasset" 1338
"D:/UEProjects/MyWorld/Content/Blueprints/Items/BP_Flower.uexp" 1339
"../../../Engine/Content/EngineMaterials/BlendFunc_DefBlend.uasset" 1340
"../../../Engine/Content/EngineMaterials/BlendFunc_DefBlend.uexp" 1341
"../../../Engine/Content/EngineMaterials/BlendFunc_DefBase.uasset" 1342
"../../../Engine/Content/EngineMaterials/BlendFunc_DefBase.uexp" 1343
"../../../Engine/Content/Functions/Engine_MaterialFunctions03/Blends/Blend_Overlay.uasset" 1344
"../../../Engine/Content/Functions/Engine_MaterialFunctions03/Blends/Blend_Overlay.uexp" 1345
"../../../Engine/Content/Functions/Engine_MaterialFunctions01/Gradient/LinearGradient.uasset" 1346
"../../../Engine/Content/Functions/Engine_MaterialFunctions01/Gradient/LinearGradient.uexp" 1347
"../../../Engine/Content/Functions/Engine_MaterialFunctions01/ImageAdjustment/CheapContrast.uasset" 1348
"../../../Engine/Content/Functions/Engine_MaterialFunctions01/ImageAdjustment/CheapContrast.uexp" 1349
"../../../Engine/Content/OpenWorldTemplate/LandscapeMaterial/T_GridChecker_A.ubulk" 1350
"../../../Engine/Content/OpenWorldTemplate/LandscapeMaterial/T_GridChecker_A.uasset" 1351
"../../../Engine/Content/OpenWorldTemplate/LandscapeMaterial/T_GridChecker_A.uexp" 1352
"../../../Engine/Content/OpenWorldTemplate/LandscapeMaterial/MF_ProcGrid.uasset" 1353
"../../../Engine/Content/OpenWorldTemplate/LandscapeMaterial/MF_ProcGrid.uexp" 1354
"../../../Engine/Content/OpenWorldTemplate/LandscapeMaterial/M_ProcGrid.uasset" 1355
"../../../Engine/Content/OpenWorldTemplate/LandscapeMaterial/M_ProcGrid.uexp" 1356
"D:/UEProjects/MyWorld/Content/Materials/Grid/MI_FloorGrid.uasset" 1357
"D:/UEProjects/MyWorld/Content/Materials/Grid/MI_FloorGrid.uexp" 1358
"D:/UEProjects/MyWorld/Content/Materials/Grid/MI_Pedestal.uasset" 1359
"D:/UEProjects/MyWorld/Content/Materials/Grid/MI_Pedestal.uexp" 1360
"D:/UEProjects/MyWorld/Content/Materials/Grid/MI_PathGrid.uasset" 1361
"D:/UEProjects/MyWorld/Content/Materials/Grid/MI_PathGrid.uexp" 1362
"../../../Engine/Plugins/FX/Niagara/Content/DefaultAssets/DefaultSpriteMaterial.uasset" 1363
"../../../Engine/Plugins/FX/Niagara/Content/DefaultAssets/DefaultSpriteMaterial.uexp" 1364
"D:/UEProjects/MyWorld/Content/Particles/Interaction_Particles/Watheringcan.ubulk" 1365
"D:/UEProjects/MyWorld/Content/Particles/Interaction_Particles/Watheringcan.uasset" 1366
"D:/UEProjects/MyWorld/Content/Particles/Interaction_Particles/Watheringcan.uexp" 1367
"D:/UEProjects/MyWorld/Content/Particles/Interaction_Particles/NS_FlowerBeingWatering.uasset" 1368
"D:/UEProjects/MyWorld/Content/Particles/Interaction_Particles/NS_FlowerBeingWatering.uexp" 1369
"D:/UEProjects/MyWorld/Content/Meshes/Props/WateringCan/Watheringcan.ubulk" 1370
"D:/UEProjects/MyWorld/Content/Meshes/Props/WateringCan/Watheringcan.uasset" 1371
"D:/UEProjects/MyWorld/Content/Meshes/Props/WateringCan/Watheringcan.uexp" 1372
"../../../Engine/Content/VREditor/Sounds/UI/Floating_UI_Close.ubulk" 1373
"../../../Engine/Content/VREditor/Sounds/UI/Floating_UI_Close.uasset" 1374
"../../../Engine/Content/VREditor/Sounds/UI/Floating_UI_Close.uexp" 1375
"D:/UEProjects/MyWorld/Content/Sounds/MS_Droping.uasset" 1376
"D:/UEProjects/MyWorld/Content/Sounds/MS_Droping.uexp" 1377
"D:/UEProjects/MyWorld/Content/Animations/Character/Anim_Watering.uasset" 1378
"D:/UEProjects/MyWorld/Content/Animations/Character/Anim_Watering.uexp" 1379
"D:/UEProjects/MyWorld/Content/Animations/Character/Anim_Watering_Montage.uasset" 1380
"D:/UEProjects/MyWorld/Content/Animations/Character/Anim_Watering_Montage.uexp" 1381
"D:/UEProjects/MyWorld/Content/Blueprints/Items/BP_Wateringcan.uasset" 1382
"D:/UEProjects/MyWorld/Content/Blueprints/Items/BP_Wateringcan.uexp" 1383
"D:/UEProjects/MyWorld/Content/Particles/NS_PortalParticle.uasset" 1384
"D:/UEProjects/MyWorld/Content/Particles/NS_PortalParticle.uexp" 1385
"D:/UEProjects/MyWorld/Content/Blueprints/Items/BP_Portal.uasset" 1386
"D:/UEProjects/MyWorld/Content/Blueprints/Items/BP_Portal.uexp" 1387
"D:/UEProjects/MyWorld/Content/Blueprints/Items/BP_Candle.uasset" 1388
"D:/UEProjects/MyWorld/Content/Blueprints/Items/BP_Candle.uexp" 1389
"D:/UEProjects/MyWorld/Content/Blueprints/GameMode/BP_GameModeBase.uasset" 1390
"D:/UEProjects/MyWorld/Content/Blueprints/GameMode/BP_GameModeBase.uexp" 1391
"D:/UEProjects/MyWorld/Content/Levels/LvL_Two.uexp" 1392
"D:/UEProjects/MyWorld/Content/Levels/LvL_Two.umap" 1393
"../../../Engine/Content/Maps/Entry_BuiltData.uasset" 1394
"../../../Engine/Content/Maps/Entry_BuiltData.uexp" 1395
"../../../Engine/Content/Maps/Entry.uexp" 1396
"../../../Engine/Content/Maps/Entry.umap" 1397
